pm10,pm2_5,carbon_monoxide,carbon_dioxide,sulphur_dioxide,nitrogen_dioxide,ozone,count,pm2_5_val,date
41.6375,moderate,1696.1666,476.5320213,8.054167,35.395832,90.041664,111,28.929167,01/01/2023
36.229168,moderate,1600.375,476.5320213,6.1229167,33.375,101.583336,125,25.179167,02/01/2023
35.470833,low,1442.375,476.5320213,4.36875,32.160416,77.333336,498,24.691666,03/01/2023
36.3875,moderate,1502.0416,476.5320213,4.5666666,26.879166,69.083336,420,25.324999,04/01/2023
31.420832,low,1420.4584,476.5320213,3.425,25.9,70.458336,273,21.908333,05/01/2023
19.0875,very low,686.375,476.5320213,2.08125,14.087501,70.375,434,13.320834,06/01/2023
27.887499,low,1211.25,476.5320213,3.0916665,22.800001,62.333332,152,19.516666,07/01/2023
37.670834,moderate,1670.9584,476.5320213,4.4270835,32.09375,81.75,112,26.3375,08/01/2023
44.441666,moderate,1834.625,476.5320213,4.80625,33.48125,83.333336,880,31.054167,09/01/2023
40.458332,moderate,1630.625,476.5320213,4.272917,33.45625,75.375,417,28.25,10/01/2023
42.745834,moderate,1302.5834,476.5320213,9.229167,26.677084,106.25,400,29.858332,11/01/2023
33.620834,low,1367.0834,476.5320213,4.866667,26.760416,55.083332,270,23.4625,12/01/2023
36.600002,moderate,1650,476.5320213,4.0875,31.966667,70.291664,514,25.5625,13/01/2023
41.175,moderate,1779.6666,476.5320213,3.9354165,39.964584,78.958336,208,28.779167,14/01/2023
43.666668,moderate,1769.0416,476.5320213,4.21875,36.48125,101.958336,132,30.483332,15/01/2023
37.916668,moderate,1429.625,476.5320213,12.447917,31.333334,123.833336,717,26.475,16/01/2023
39.404167,moderate,1050.7084,476.5320213,7.6583333,21.19375,104.083336,479,27.491667,17/01/2023
45.2625,moderate,1475.625,476.5320213,5.4562497,33.79375,86.625,468,31.583334,18/01/2023
41.054165,moderate,1322.5,476.5320213,5.025,29.447916,90.041664,204,28.620834,19/01/2023
43.954166,moderate,1301.5416,476.5320213,9.54375,26.69375,111.791664,537,30.65,20/01/2023
42.266666,moderate,1398.25,476.5320213,6.660417,32.147915,96.208336,187,29.487501,21/01/2023
42.204166,moderate,905.5417,476.5320213,5.266667,11.78125,119.5,129,29.4625,22/01/2023
44.908337,moderate,737.125,476.5320213,6.7291665,8.016666,120.5,849,31.345833,23/01/2023
51.1875,moderate,786.8333,476.5320213,11.181251,9.145833,116.708336,427,35.720833,24/01/2023
42.508335,moderate,1037,476.5320213,9.622916,18.112501,103.666664,399,29.675001,25/01/2023
46.204166,moderate,1281.9584,476.5320213,7.8562503,27.425001,100.166664,258,32.2625,26/01/2023
52.649998,moderate,1548.4584,476.5320213,15.095833,32.95,129.5,282,36.649998,27/01/2023
44.7,moderate,1640.75,476.5320213,13.002083,37.033333,105.166664,194,31.129166,28/01/2023
53.233334,moderate,2052,476.5320213,7.7999997,34.754166,95.458336,92,37.175,29/01/2023
67.104164,high,2633.75,476.5320213,7.472917,47.78125,143.04167,683,46.904163,30/01/2023
58.8,high,1845.5416,476.5320213,11.308333,30.793749,146.79167,455,41.095833,31/01/2023
58.0625,high,1576.875,476.5320213,8.087501,30.606249,117.375,458,40.533333,01/02/2023
60.720837,high,1629.0834,476.5320213,8.564584,32.912502,136.54167,333,42.3625,02/02/2023
46.958332,moderate,1145.5834,476.5320213,5.491667,21.61875,113.416664,514,32.516666,03/02/2023
43.399998,moderate,936.625,476.5320213,4.2083335,18.854166,78.791664,237,30,04/02/2023
34.104168,low,809.2917,476.5320213,3.1812499,17.74375,62.583332,102,23.554167,05/02/2023
26.629166,low,1158.4166,476.5320213,3.5229168,22.018751,62.625,708,18.362501,06/02/2023
28.5625,low,1295.1666,476.5320213,3.7208335,25.120834,77.875,431,19.841667,07/02/2023
37.479168,moderate,1561.7916,476.5320213,3.7958333,28.033333,73.708336,493,26.145834,08/02/2023
36.241665,moderate,1685.2084,476.5320213,3.7958333,30.283333,86.875,227,25.304167,09/02/2023
34.0125,low,1652.4166,476.5320213,3.5416667,25.079168,80.333336,360,23.720833,10/02/2023
36.379166,moderate,1653.8334,476.5320213,3.5166667,30.041666,79.208336,193,25.320833,11/02/2023
41.920834,moderate,901.4583,476.5320213,4.5,10.954166,103.666664,96,29.229166,12/02/2023
43.875,moderate,610.375,476.5320213,5.2458334,6.9,90.541664,695,30.570833,13/02/2023
51.399998,moderate,584.6667,476.5320213,5.320833,7.133333,93.166664,420,35.820835,14/02/2023
54.995834,high,599.2083,476.5320213,5.4208336,7.8333335,112.333336,501,38.2,15/02/2023
38.954166,moderate,875.875,476.5320213,2.3125,16.3625,94.208336,321,27.170832,16/02/2023
36.195835,moderate,1202.1666,476.5320213,2.425,22.1875,71.833336,429,25.304167,17/02/2023
41.545834,moderate,2015.7916,476.5320213,3.9750001,40.716667,91,146,29.029167,18/02/2023
39.545834,moderate,1897.75,476.5320213,4.7791667,36.545834,109.708336,107,27.574999,19/02/2023
62.183334,high,1975.0834,476.5320213,7.7125,39.375,104.25,678,43.2625,20/02/2023
51.879166,moderate,1664.7916,476.5320213,4.766667,33.204166,70.625,508,35.920834,21/02/2023
50.895832,moderate,1632.8334,476.5320213,4.3458333,35.287502,83.875,435,35.241665,22/02/2023
57.675,high,1793.625,476.5320213,3.8374999,33.899998,74.708336,306,39.925,23/02/2023
60.925,high,1962.5834,476.5320213,5.233333,40.391666,124.916664,322,42.291668,24/02/2023
57.270832,high,1555.375,476.5320213,9.966666,32.716667,97.75,174,39.658333,25/02/2023
47.925,moderate,1979,476.5320213,8.033334,37.695835,88.958336,159,33.4875,26/02/2023
57.337498,high,2053.2083,476.5320213,11.191667,42.470833,120.708336,692,39.658333,27/02/2023
70.950005,high,2012.375,476.5320213,10.183333,39.066666,148.54167,408,49.245834,28/02/2023
75.395836,high,1256,476.5320213,11.608334,11.787499,158.75,417,52.45,01/03/2023
69.99167,high,883.25,476.5320213,9.779166,6.679167,154.70833,240,48.716663,02/03/2023
55.162502,high,660.8333,476.5320213,6.054167,5.929167,115.875,517,38.320835,03/03/2023
61.879166,high,680.5833,476.5320213,8.266666,6.4249997,126.083336,170,42.895832,04/03/2023
68.433334,high,792.0833,476.5320213,6.620833,7.3583336,122.291664,80,47.233334,05/03/2023
63.712498,high,1229,476.5320213,4.6916666,24.479166,107.208336,139,44.07083,06/03/2023
64.441666,high,1286.2916,476.5320213,3.5291665,24.645834,93.5,523,44.675,07/03/2023
67.645836,high,1703.3334,476.5320213,4.2374997,34.649998,99.708336,497,46.970837,08/03/2023
70.316666,high,1144.7084,476.5320213,5.6541667,11.175,152.79167,298,48.899998,09/03/2023
66.333336,high,842.4583,476.5320213,6.179167,6.5958333,115.416664,542,46.05417,10/03/2023
82.65,high,1048.8334,476.5320213,8.108334,7.804167,121.708336,320,57.583332,11/03/2023
93.73334,high,1361.7084,476.5320213,5.491667,22.5,109.375,130,65.362495,12/03/2023
87.55417,high,1798.5834,476.5320213,8.691667,34.4875,94.208336,797,60.920834,13/03/2023
75.620834,high,1780.6666,476.5320213,5.6625,35.212498,105.333336,454,52.558334,14/03/2023
61.774998,high,1872.4166,476.5320213,3.8374999,28.604166,82.458336,570,42.958332,15/03/2023
49.2,moderate,1287.2916,476.5320213,2.2083333,20.820833,79.666664,377,34.141666,16/03/2023
63.729168,high,1676.875,476.5320213,3.1083333,30.370834,92.291664,467,44.3,17/03/2023
55.462498,high,1316,476.5320213,2.7291667,21.216667,71.5,146,38.579166,18/03/2023
52.033337,moderate,1228.2084,476.5320213,2.6333334,21.283335,77.916664,109,36.183334,19/03/2023
42.825,moderate,1354.7916,476.5320213,2.6625001,17.820833,61.625,729,29.5875,20/03/2023
38.554165,moderate,1574.0416,476.5320213,3.425,23.304167,48.666668,507,26.608332,21/03/2023
27.154167,low,1246.0834,476.5320213,3.0125,21.804167,54.916668,506,18.725,22/03/2023
28.370834,low,1115.125,476.5320213,3.1791668,23.454168,63.666668,260,19.470833,23/03/2023
30.416666,low,1387.7084,476.5320213,3.075,23.370834,61.458332,362,20.916666,24/03/2023
43.75833,moderate,1555.9584,476.5320213,3.575,27.824999,72.458336,154,30.204168,25/03/2023
40.454166,moderate,1200.5,476.5320213,2.8708334,25.233332,75.75,138,27.941666,26/03/2023
45.8625,moderate,1512.25,476.5320213,3.6708333,29.033333,82.333336,721,31.7125,27/03/2023
53.354168,moderate,761.8333,476.5320213,3.8416665,10.866666,98.416664,603,37.037502,28/03/2023
86.270836,high,757.2917,476.5320213,4.875,10.525001,82.916664,549,60.0125,29/03/2023
90.65833,high,735.125,476.5320213,4.991667,8.841666,97.458336,363,62.9875,30/03/2023
67.895836,high,600.2083,476.5320213,4.1916666,6.1124997,97.583336,502,46.95,31/03/2023
67.166664,high,648.125,476.5320213,4.2875,5.6583333,116.291664,239,46.475002,01/04/2023
39.829166,moderate,454.41666,476.5320213,3.4375,5.6458335,83.791664,114,27.441666,02/04/2023
35.158333,low,436.41666,476.5320213,3.4583333,5.491667,72.333336,759,24.0625,03/04/2023
40.179165,moderate,470.5,476.5320213,3.7749999,5.233333,88.958336,565,27.520834,04/04/2023
56.337498,high,581.875,476.5320213,3.966667,5.8416667,98.5,584,38.912502,05/04/2023
68.512505,high,709.7917,476.5320213,4.7083335,6.1541667,109.458336,145,47.57083,06/04/2023
75.39167,high,748.7083,476.5320213,4.9333334,6.5375,107.583336,535,52.30417,07/04/2023
62.462498,high,679.5833,476.5320213,4.4791665,5.7708335,106.125,155,43.129166,08/04/2023
50.254166,moderate,624.5417,476.5320213,4.241667,5.5375,102.083336,124,34.579166,09/04/2023
40.983334,moderate,529.7917,476.5320213,3.8083334,4.8125,94.833336,728,28.245834,10/04/2023
53.0125,moderate,638.375,476.5320213,4.6541667,5.7666664,100.166664,508,36.716667,11/04/2023
68.762505,high,712.6667,476.5320213,4.55,4.304167,115.166664,495,47.825,12/04/2023
51.208332,moderate,583.7917,476.5320213,3.7708333,3.4166667,104.166664,122,35.408333,13/04/2023
43.45,moderate,1048.5,476.5320213,4.1208334,20.762499,88.416664,135,30.054167,14/04/2023
61.720837,high,720.0833,476.5320213,5.1458335,6.7125,98.666664,125,42.879166,15/04/2023
53.645832,moderate,592.2083,476.5320213,4.2166667,5.1625,87.916664,98,37.025,16/04/2023
47.016666,moderate,516.5,476.5320213,3.5041666,4.545833,94.666664,133,32.412502,17/04/2023
46.575,moderate,629.375,476.5320213,3.6416667,6.2125,104.833336,508,32.204166,18/04/2023
51.545834,moderate,510.79166,476.5320213,4.0333333,3.9666665,100.208336,559,35.670834,19/04/2023
52.274998,moderate,491.20834,476.5320213,3.1416667,3.8999999,92.875,234,35.991665,20/04/2023
50.958332,moderate,448.16666,476.5320213,3.5833333,4.7374997,85.166664,591,34.866665,21/04/2023
58.254166,high,445.75,476.5320213,3.3791666,4.7208333,82.5,209,39.8875,22/04/2023
46.100002,moderate,455.95834,476.5320213,2.9166667,5.3125,72.791664,118,31.3375,23/04/2023
48.75833,moderate,1042.875,476.5320213,3.2375,23.016668,60.833332,852,33.029167,24/04/2023
43.295834,moderate,1271.6666,476.5320213,2.8166666,23.804167,61.125,544,29.341667,25/04/2023
43.541668,moderate,779.7917,476.5320213,2.2666667,12.5,68.291664,445,29.966667,26/04/2023
46.583332,moderate,915.25,476.5320213,2.2749999,17.020834,64.208336,309,32.295834,27/04/2023
30.35,low,720.7917,476.5320213,2.1666667,14.170834,68.333336,469,20.6,28/04/2023
29.65,low,667.125,476.5320213,2.1541667,13.400001,70.083336,229,20.204166,29/04/2023
39.4875,moderate,486.79166,476.5320213,3.9875,4.204167,93.5,82,27.120834,30/04/2023
38.533333,moderate,552.4167,476.5320213,3.2124999,5.045833,92.208336,636,26.737501,01/05/2023
33.091667,low,520.25,476.5320213,2.5,6.2125,73.125,537,22.862501,02/05/2023
41.149998,moderate,475.33334,476.5320213,3.2375,5.8916664,64.083336,560,28.358332,03/05/2023
34.058334,low,434.45834,476.5320213,2.7625,4.875,62.458332,146,23.433334,04/05/2023
30.558334,low,432.58334,476.5320213,2.5583334,4.9249997,60.166668,145,20.845833,05/05/2023
21.170834,very low,380.5,476.5320213,2.3208334,5.233333,51.291668,176,14.458333,06/05/2023
25.870834,low,390.5,476.5320213,2.7583332,5.4874997,48.625,76,17.791666,07/05/2023
31.820833,low,385.58334,476.5320213,2.1833334,3.8791666,80.25,680,21.945833,08/05/2023
31.758333,low,412.25,476.5320213,2.7291667,4.9625,70.916664,477,21.8125,09/05/2023
24.645834,low,371.875,476.5320213,2.1499999,4.4958334,67.416664,436,16.929167,10/05/2023
24.866667,low,820.9167,476.5320213,1.9083333,18.020834,63.541668,325,17.324999,11/05/2023
20.85,very low,670,476.5320213,1.3666667,11.358334,81.125,471,14.554166,12/05/2023
12.304166,very low,454.41666,476.5320213,1.6958333,11.229167,41.791668,113,8.558333,13/05/2023
16.391666,very low,367.08334,476.5320213,1.0416666,8.183333,52.833332,89,10.962501,14/05/2023
21.891668,low,981.75,476.5320213,1.9916667,19.795834,57.208332,602,15.141666,15/05/2023
29.441666,low,1114.9584,476.5320213,2.5166667,20.237501,66.291664,554,19.7875,16/05/2023
33.791668,low,1314.6666,476.5320213,3.0083332,25.5625,68.666664,84,22.758333,17/05/2023
35.258335,low,1167.1666,476.5320213,2.8708334,23.154167,64.958336,344,23.641668,18/05/2023
35.204166,low,1173.4166,476.5320213,3.1375,22.291666,66.041664,347,23.779167,19/05/2023
27.845833,low,957.2917,476.5320213,2.2708333,20.358334,64.333336,132,18.433332,20/05/2023
32.162502,low,955.2083,476.5320213,2.1583333,19.341667,64.25,84,21.420832,21/05/2023
26.262499,low,534.9583,476.5320213,1.2666667,10.279166,74.625,707,17.616667,22/05/2023
29.970833,low,604.5417,476.5320213,1.5916667,12.133334,69.708336,444,20.466667,23/05/2023
27.591667,low,730.125,476.5320213,1.9666667,16.208334,62.833332,481,18.820833,24/05/2023
31.141665,low,704.1667,476.5320213,2.0958333,15.25,72.583336,285,20.883333,25/05/2023
24.895834,low,614.5,476.5320213,1.4125,13.75,61.75,401,16.675001,26/05/2023
28.779167,low,712.0417,476.5320213,1.6125001,16.116667,63.041668,153,19.449999,27/05/2023
31.395834,low,734.8333,476.5320213,2.4125001,15.804166,79.125,110,21.383333,28/05/2023
47.379166,moderate,1096.1666,476.5320213,4.9375,22.045832,86.291664,584,32.745834,29/05/2023
32.225002,low,920.2917,476.5320213,4.6666665,17.933332,92.75,502,22.304167,30/05/2023
21.454168,very low,587.8333,476.5320213,1.6999999,10.875,73,375,14.8625,31/05/2023
16.329166,very low,606.4167,476.5320213,1.5041666,13.291667,65.875,188,11.391666,01/06/2023
19.579166,very low,833.9167,476.5320213,1.7416667,14.8,61.583332,398,13.625,02/06/2023
22.85,low,1010.125,476.5320213,1.8833333,14.716667,54.208332,171,15.770833,03/06/2023
17.008333,very low,550.9583,476.5320213,1.3458333,12.837501,53,72,11.729167,04/06/2023
20.004168,very low,617.8333,476.5320213,1.5541667,14.116666,54.208332,131,13.854167,05/06/2023
21.737501,low,643.2917,476.5320213,1.6750001,15.329166,62.166668,445,15.0625,06/06/2023
20.583334,very low,680.7917,476.5320213,1.8625001,16.699999,55.916668,327,14.295834,07/06/2023
20.3125,very low,847.125,476.5320213,1.7458334,19.766666,51.25,306,14.208333,08/06/2023
20.829166,very low,869.625,476.5320213,1.7916666,18.220833,59.125,314,14.5125,09/06/2023
29.716667,low,1225.4166,476.5320213,2.1791666,24.041666,62.625,151,20.679167,10/06/2023
22.512499,low,1010.0833,476.5320213,2.3458333,22.387499,57.166668,87,15.695834,11/06/2023
20.566668,very low,775.4167,476.5320213,1.6833334,16.958334,64.916664,672,14.279167,12/06/2023
11.145833,very low,471.54166,476.5320213,0.8458333,12.075,49.416668,438,7.808333,13/06/2023
13.075,very low,631.6667,476.5320213,1.25,15.104167,49.041668,438,9.150001,14/06/2023
20.1,very low,935.2083,476.5320213,2.0291667,19.745832,55.666668,246,14.070834,15/06/2023
20.870832,very low,951.75,476.5320213,2.0375001,17.045834,52.166668,396,14.429166,16/06/2023
16.945833,very low,818.125,476.5320213,1.9625,15.9375,44.875,164,11.666667,17/06/2023
17.104166,very low,766.9583,476.5320213,1.775,15.1875,53.166668,77,11.891666,18/06/2023
17.008333,very low,834.375,476.5320213,1.8833333,14.541667,43.791668,577,11.820834,19/06/2023
13.933333,very low,535.1667,476.5320213,1.6333333,12.2375,47.291668,541,9.729167,20/06/2023
15.733334,very low,958.7083,476.5320213,2.4041667,15.016666,37.958332,447,10.962501,21/06/2023
15.570834,very low,956.0417,476.5320213,2.5,15.170834,40,220,10.891666,22/06/2023
13.95,very low,748.5,476.5320213,1.8874999,11.591667,33.083332,359,9.758333,23/06/2023
16.954166,very low,1014.125,476.5320213,2.2166667,14.091667,34.708332,101,11.866666,24/06/2023
16.745832,very low,703.4167,476.5320213,2.1499999,18.6875,35.125,79,11.741666,25/06/2023
17.783333,very low,835.9167,476.5320213,1.65,23.762499,37.416668,708,12.470833,26/06/2023
17.716667,very low,458.875,476.5320213,2.8374999,12.595833,40.5,453,12.616666,27/06/2023
16.574999,very low,390.41666,476.5320213,3.2791665,11.849999,37.958332,345,11.775001,28/06/2023
19.7875,very low,418.16666,476.5320213,3.2875001,11.675,42.916668,214,13.916667,29/06/2023
21.470833,very low,561.7917,476.5320213,5.445833,14.099999,38.166668,320,14.8,30/06/2023
20.904167,very low,322.125,476.5320213,2.4875,9.233334,41.458332,149,14.037499,01/07/2023
14.258334,very low,315.20834,476.5320213,2.3875,8.5125,37.5,119,9.829166,02/07/2023
8.383333,very low,287,476.5320213,2.1416667,8.370833,31.458334,655,5.870833,03/07/2023
8.095834,very low,301.875,476.5320213,2.0125,8.520833,28.041666,471,5.6749997,04/07/2023
9.220834,very low,347.29166,476.5320213,2.5041666,9.349999,30.125,461,6.4583335,05/07/2023
13.308333,very low,525.2083,476.5320213,4.9458337,9.9375,31.833334,250,9.379167,06/07/2023
13.95,very low,442.25,476.5320213,3.8374999,10.087501,35.291668,405,9.866667,07/07/2023
17.991667,very low,300.875,476.5320213,2.7250001,8.270833,48.875,128,12.858334,08/07/2023
18.733334,very low,335.25,476.5320213,4.5666666,9.133333,54.666668,159,13.345833,09/07/2023
16.125,very low,411.75,476.5320213,3.7083333,13.383334,42.458332,609,11.325,10/07/2023
12.254167,very low,329.16666,476.5320213,2.3958333,9.433333,28.666666,383,8.775001,11/07/2023
13.295834,very low,658.1667,476.5320213,6.120833,14.258334,27.625,486,9.337501,12/07/2023
11.337501,very low,557.2083,476.5320213,4.7833333,11.229167,31.791666,220,7.9249997,13/07/2023
12.4375,very low,507.79166,476.5320213,3.9375,10.741666,34.416668,378,8.8875,14/07/2023
10.375,very low,422.375,476.5320213,3,9.104167,32.708332,170,7.3583336,15/07/2023
10.349999,very low,376.25,476.5320213,2.5208333,9.191667,28.958334,63,7.3333335,16/07/2023
17.8125,very low,370.70834,476.5320213,2.6333334,10.045834,47.75,704,12.337501,17/07/2023
14.908333,very low,368.41666,476.5320213,2.425,8.5625,46.625,542,10.254167,18/07/2023
17.729166,very low,361.75,476.5320213,2.7083333,10.05,44.958332,504,12.345833,19/07/2023
18.495832,very low,549,476.5320213,3.9833333,15.0125,38.083332,242,12.95,20/07/2023
17.358334,very low,367.08334,476.5320213,3.0375001,9.870833,52.875,434,12.133334,21/07/2023
16.800001,very low,371.66666,476.5320213,3.7749999,9.116667,65.916664,257,11.770833,22/07/2023
25,low,519.6667,476.5320213,5.6375003,14.849999,67.041664,112,17.508333,23/07/2023
22.741667,low,569.7917,476.5320213,4.35,13.729167,59.708332,735,15.941667,24/07/2023
21.375,low,571.5417,476.5320213,4.5875,18.4,41.625,493,15.0125,25/07/2023
10.4875,very low,381.5,476.5320213,3.4583333,9.575,33.5,491,7.4708333,26/07/2023
7.6583333,very low,264.91666,476.5320213,2.0833333,7.5291667,34.625,306,5.4125,27/07/2023
6.3125,very low,263.20834,476.5320213,2.0583334,7.245833,31.791666,56,4.366667,28/07/2023
9.308333,very low,367.75,476.5320213,3,11.349999,28.125,163,6.5125003,29/07/2023
8.683333,very low,301.625,476.5320213,2.5916667,9.4875,35.666668,52,6.066667,30/07/2023
6.2083335,very low,238.95833,476.5320213,2.0666666,7.558333,35.916668,341,4.3416667,31/07/2023
8.733334,very low,394.91666,476.5320213,2.7875001,12.266666,30.166666,69,6.0916667,01/08/2023
11.408333,very low,420.04166,476.5320213,3.2666667,13.004167,36.916668,92,7.9500003,02/08/2023
11.6125,very low,474.33334,476.5320213,3.8208332,14.395833,34.25,263,8.070833,03/08/2023
10.695834,very low,476.625,476.5320213,3.3625,13.020833,30.583334,418,7.3125,04/08/2023
11.145833,very low,405.45834,476.5320213,2.9541667,11.425,30,122,7.4208336,05/08/2023
10.141666,very low,383.125,476.5320213,2.9166667,11.395833,29.833334,103,6.7999997,06/08/2023
8.0125,very low,357.375,476.5320213,2.8833332,11.587501,29.583334,564,5.5875,07/08/2023
7.7625003,very low,370.875,476.5320213,2.8583333,12.666667,27.333334,443,5.433333,08/08/2023
10.629167,very low,538.9583,476.5320213,3.9875,14.304166,32.333332,459,7.3916664,09/08/2023
15.816667,very low,684.4583,476.5320213,6.2291665,16.520834,39.458332,289,10.854167,10/08/2023
17.541666,very low,654.7917,476.5320213,5.6458335,13.650001,38.125,433,11.791667,11/08/2023
22.908333,low,640.4583,476.5320213,5.445833,14.295834,35.125,75,15.054166,12/08/2023
27.620834,low,686.125,476.5320213,5.4833336,14.8625,32.833332,74,17.866667,13/08/2023
19.370832,very low,765.7083,476.5320213,6.308333,17.225,32.125,112,13.412499,14/08/2023
19.658333,very low,597.6667,476.5320213,4.491667,17.383333,33.083332,656,13.820834,15/08/2023
17.254168,very low,481.79166,476.5320213,3.4416666,13.529167,37.333332,492,12.170834,16/08/2023
14.704166,very low,447.75,476.5320213,3.1000001,13.483334,40.833332,309,10.483334,17/08/2023
18.358334,very low,545.1667,476.5320213,3.9833333,11.337501,39.583332,378,13.054166,18/08/2023
19.1,very low,448,476.5320213,3.2541666,10.008333,37.458332,178,13.545834,19/08/2023
25.091667,low,407.5,476.5320213,2.7833335,10.491667,44.333332,100,17.704166,20/08/2023
15.620833,very low,440.20834,476.5320213,3.5125,12.745833,39.333332,593,11.170834,21/08/2023
17.304167,very low,655.7083,476.5320213,5.7333336,17.512499,34.625,446,12.220833,22/08/2023
17.583334,very low,714.7917,476.5320213,6.6666665,18.012499,31.625,380,12.233334,23/08/2023
14.208333,very low,516.7917,476.5320213,3.7291667,12.087501,32.25,208,9.970834,24/08/2023
13.370833,very low,541,476.5320213,4.241667,10.2375,32.541668,375,9.133333,25/08/2023
9.766666,very low,438.79166,476.5320213,3.1458333,9.466666,32.958332,237,6.679167,26/08/2023
11.304166,very low,483.08334,476.5320213,4.1291666,10.129167,32.625,84,7.7333336,27/08/2023
12.829166,very low,478.91666,476.5320213,3.2583332,11.483334,32.625,630,8.954166,28/08/2023
16.220833,very low,361.66666,476.5320213,2.8958333,9.5125,52.5,395,11.458333,29/08/2023
14.033333,very low,365.58334,476.5320213,3.7833335,9.929167,55.958332,409,9.883333,30/08/2023
17.9,very low,543.7083,476.5320213,3.9624999,15.879167,44.916668,203,12.587501,31/08/2023
19.545834,very low,504.58334,476.5320213,3.2291667,13.058333,57.041668,294,13.75,01/09/2023
23.591667,low,823.5833,476.5320213,5.9125,20.583334,55.791668,73,16.5,02/09/2023
30.733332,low,806.1667,476.5320213,5.804167,21.3125,71,115,21.479166,03/09/2023
25.558334,low,506.16666,476.5320213,5.5833335,10.804166,93.333336,621,17.783333,04/09/2023
16.525,very low,458.04166,476.5320213,6.429167,11.75,63.208332,512,11.570834,05/09/2023
16.541666,very low,516.5417,476.5320213,4.991667,17.720833,33.666668,382,11.6375,06/09/2023
16.708334,very low,412.25,476.5320213,2.9833333,11.595833,45.333332,199,11.708333,07/09/2023
17.170834,very low,422.875,476.5320213,3.4583333,11.929166,50.958332,389,12.070834,08/09/2023
15.070834,very low,403.16666,476.5320213,3.2749999,9.891666,54.5,136,10.599999,09/09/2023
15.925,very low,495.95834,476.5320213,4.3083334,15.037499,37.958332,73,11.208333,10/09/2023
11.483334,very low,351.25,476.5320213,2.7458334,11.175,30.375,581,8.083333,11/09/2023
12.316667,very low,509.20834,476.5320213,3.8958333,15.558333,30.541666,346,8.645833,12/09/2023
13.416667,very low,548.2917,476.5320213,4.3541665,16.833334,30.166666,340,9.379167,13/09/2023
16.458334,very low,565.125,476.5320213,4.5583334,17.050001,39.166668,303,11.537499,14/09/2023
11.054166,very low,373.875,476.5320213,2.6000001,8.412499,61.416668,332,7.7625003,15/09/2023
15.108334,very low,572.75,476.5320213,4.7999997,15.908333,49.291668,222,10.583333,16/09/2023
15.591667,very low,457.45834,476.5320213,9.337501,13.283333,59.416668,100,10.933333,17/09/2023
11.445834,very low,370.66666,476.5320213,3.6166668,11.445834,32.208332,579,8.045834,18/09/2023
15.470833,very low,535.875,476.5320213,4.6291666,18.058332,24.708334,469,10.837501,19/09/2023
24.25,low,736.875,476.5320213,5.9791665,23.225,31.958334,417,17.025,20/09/2023
28.725,low,676.25,476.5320213,4.6124997,19.533333,38.958332,236,19.9,21/09/2023
18.979166,very low,458.33334,476.5320213,3.4291668,12.083333,57.416668,432,13.258334,22/09/2023
26.354166,low,565.9583,476.5320213,5.8541665,15.670834,68,197,18.433332,23/09/2023
24.420832,low,511.5,476.5320213,3.3916667,11.854167,66.625,174,17.083334,24/09/2023
21.5875,low,521.2083,476.5320213,3.6791668,14.079166,66.5,549,15.083333,25/09/2023
31.120834,low,821.8333,476.5320213,7.3541665,24.829168,50.666668,395,21.345833,26/09/2023
17.554167,very low,429.41666,476.5320213,4.5041666,12.474999,51.041668,303,12.175,27/09/2023
16.4375,very low,571.4167,476.5320213,8.958333,17.920834,40.958332,270,11.508334,28/09/2023
10.783333,very low,408.125,476.5320213,6.070833,13.083333,33.208332,322,7.558333,29/09/2023
11.333333,very low,418.70834,476.5320213,4.6791663,13.0125,26.791666,149,7.9249997,30/09/2023
15.370833,very low,679.8333,476.5320213,5.975,19.566668,28.541666,80,10.758334,01/10/2023
16.862501,very low,498.04166,476.5320213,3.8583333,15.462501,37.375,510,11.795834,02/10/2023
17.800001,very low,504.95834,476.5320213,3.8083334,14.470833,43.5,475,12.4375,03/10/2023
25.012499,low,743.8333,476.5320213,5.5625,22.079168,46.625,524,17.5,04/10/2023
24.574999,low,504.04166,476.5320213,6.254167,12.208333,68.541664,285,17.154167,05/10/2023
18.625,very low,474.66666,476.5320213,4.9166665,12.2,62.875,467,13.037499,06/10/2023
19.204166,very low,587.75,476.5320213,6.2291665,15.495833,55.25,144,13.429166,07/10/2023
14.016666,very low,498.58334,476.5320213,5.1749997,14.320834,40.916668,84,9.8,08/10/2023
15.008334,very low,576.125,476.5320213,8.1375,16.416666,45.291668,575,10.508333,09/10/2023
22.591667,low,778.875,476.5320213,8.708333,19.733334,62.583332,433,15.808333,10/10/2023
22.458334,low,629.25,476.5320213,5.6875,14.75,67.375,469,15.683333,11/10/2023
20.4,very low,627.4583,476.5320213,5.9583335,15.358334,70.958336,372,14.241666,12/10/2023
13.691667,very low,500.75,476.5320213,3.9583333,12.3125,57.541668,107,9.5125,13/10/2023
17.841667,very low,564.125,476.5320213,4.8958335,17.404167,43.5,134,12.4875,14/10/2023
18.983334,very low,584.5417,476.5320213,4.7375,16.333334,59.541668,151,13.283333,15/10/2023
18.375,very low,734,476.5320213,5.5208335,19.333334,62.5,699,12.875,16/10/2023
35.024998,low,1113.7084,476.5320213,9.129167,31.920832,62.5,596,24.475,17/10/2023
37.4875,moderate,1016.7083,476.5320213,5.5291667,21.862501,69.916664,459,26.15,18/10/2023
28.4125,low,681.7083,476.5320213,4.0958333,17.520834,53.791668,308,19.875,19/10/2023
29.908333,low,637.0417,476.5320213,3.8625002,13.575,71.583336,363,20.933332,20/10/2023
23.979166,low,781.9583,476.5320213,5.883333,22.470833,61.208332,169,16.783333,21/10/2023
19.716667,very low,617.625,476.5320213,4.9,13.6125,68.416664,129,13.770833,22/10/2023
34.454166,low,773.8333,476.5320213,7.429167,19.908333,67.791664,129,24.104166,23/10/2023
33.391666,low,859.625,476.5320213,6.875,23.858332,67.041664,560,23.345833,24/10/2023
26.041666,low,827.7917,476.5320213,6.8458333,24.525,57.75,384,18.154167,25/10/2023
27.991667,low,682.8333,476.5320213,4.766667,16.9375,60.333332,273,19.504168,26/10/2023
16.854166,very low,515.625,476.5320213,3.9791667,11.995833,54.666668,436,11.758334,27/10/2023
19.9125,very low,527.375,476.5320213,4.233333,13.525001,47.666668,123,13.916667,28/10/2023
21.295834,very low,556.125,476.5320213,4.2208333,14.916667,47.291668,111,14.895833,29/10/2023
9.6125,very low,403.83334,476.5320213,3.25,11.545834,42.791668,654,6.725,30/10/2023
27.679167,low,780.2917,476.5320213,5.6666665,20.241667,49.416668,451,19.358334,31/10/2023
34.529167,low,1027.4166,476.5320213,8.170833,27.979166,68.041664,427,24.070833,01/11/2023
31.9625,low,898.5,476.5320213,5.754167,20.920834,68.958336,254,22.241667,02/11/2023
24.566666,low,785.6667,476.5320213,5.045833,19.066668,51.833332,316,17.1,03/11/2023
34.729168,low,854.7917,476.5320213,5.5499997,22.108332,57,182,24.254166,04/11/2023
33.604168,low,861.5417,476.5320213,4.125,20.120832,59.583332,85,23.495834,05/11/2023
34.083332,low,992.875,476.5320213,7.6875,21.241667,62.708332,595,23.770834,06/11/2023
32.670834,low,709.8333,476.5320213,3.9958334,15.6875,75.5,409,22.791666,07/11/2023
33.795834,low,698.7083,476.5320213,4.570833,15.05,69.875,441,23.579168,08/11/2023
44.6375,moderate,1060.5416,476.5320213,8.325,32.466667,65.958336,229,31.204168,09/11/2023
44.1875,moderate,1054.0416,476.5320213,8.229167,28.104166,72.583336,424,30.8125,10/11/2023
50.2625,moderate,1192,476.5320213,11.029167,32.195835,79.916664,121,35.041668,11/11/2023
36.979168,moderate,850.9167,476.5320213,8.541667,20.745832,62.458332,100,25.754166,12/11/2023
17.008333,very low,511.33334,476.5320213,4.2916665,13.7,51.833332,600,11.7625,13/11/2023
22.558334,low,769.0833,476.5320213,6.4083333,20.816668,55.958332,404,15.579166,14/11/2023
34.704166,low,1089.4166,476.5320213,9.120833,27.475,68.291664,444,24.137499,15/11/2023
20.425001,very low,664.0417,476.5320213,5.5416665,14.4875,64,262,14.175,16/11/2023
19.6625,very low,759.1667,476.5320213,4.3333335,14.158333,42,301,13.683333,17/11/2023
27.608332,low,1040.25,476.5320213,8.170834,24.520834,58.166668,65,19.233334,18/11/2023
21.762499,low,836.1667,476.5320213,6.3333335,16.9125,54.125,97,15.179166,19/11/2023
29.666666,low,1022.2917,476.5320213,8.866667,23.133333,50.541668,578,20.433332,20/11/2023
40.558334,moderate,1078.3334,476.5320213,9.133333,29.891668,67.916664,589,28.141668,21/11/2023
48.00833,moderate,1142.3334,476.5320213,12.833333,33.416668,86.958336,457,33.395832,22/11/2023
40.066666,moderate,960.9583,476.5320213,12.125,25.233335,70.083336,405,27.620834,23/11/2023
31.6875,low,879.2917,476.5320213,7.558333,22.625,60.333332,481,21.558334,24/11/2023
28.0375,low,841.25,476.5320213,7.3583336,22.095833,57.75,121,19.125,25/11/2023
23.929167,low,598.375,476.5320213,4.829167,14.358334,55.25,61,16.491667,26/11/2023
22.845833,low,702.9167,476.5320213,5.025,17.699999,51.666668,799,15.520833,27/11/2023
28.716667,low,820.4583,476.5320213,5.3458333,21.508333,52.541668,523,19.6875,28/11/2023
39.3625,moderate,1031.5,476.5320213,8.191667,26.420832,61.041668,397,27.225,29/11/2023
40.8625,moderate,920.75,476.5320213,6.483333,19.9125,66.875,233,28.158333,30/11/2023
32.45,low,874.4583,476.5320213,6.4500003,19.666666,57.083332,403,22.475,01/12/2023
18.449999,very low,618.1667,476.5320213,5.8291664,12.908333,57.416668,115,12.770833,02/12/2023
20.795834,very low,809.9167,476.5320213,6.2000003,18.391666,54.541668,101,14.441667,03/12/2023
30.995832,low,1091.1666,476.5320213,10.008333,26.933334,54.458332,662,21.516668,04/12/2023
24.808334,low,663.0833,476.5320213,4.508333,13.083333,61.666668,98,17.104166,05/12/2023
19.941668,very low,608.9583,476.5320213,3.8791666,14.5,56.375,489,13.845833,06/12/2023
18.895834,very low,691.7917,476.5320213,6.7666664,17.8375,50.708332,249,13.175,07/12/2023
24.041666,low,1004.7083,476.5320213,7.75,24.25,39.166668,378,16.795834,08/12/2023
27.4375,low,889.2917,476.5320213,4.570833,18.362501,42.958332,176,19.0875,09/12/2023
28.199999,low,1012.7083,476.5320213,7.9083333,25.470833,31.25,131,19.670834,10/12/2023
26.333334,low,794.2917,476.5320213,5.5375,21.116667,41.5,95,18.391666,11/12/2023
35.591667,low,949.3333,476.5320213,7.445833,24.2875,67.041664,466,24.866667,12/12/2023
37.783333,moderate,907.0833,476.5320213,8.0625,23.8125,59.416668,518,28.270834,13/12/2023
34.308334,low,876.0833,476.5320213,7.4208336,23.883333,49.083332,280,24.291666,14/12/2023
35.037502,low,862.5833,476.5320213,7.4166665,25.141668,47.541668,401,22.0625,15/12/2023
31.733332,low,790.9167,476.5320213,8.5375,22.112501,69.208336,202,21.958334,16/12/2023
35.833332,low,828.5417,476.5320213,12.083333,24.879166,64.666664,113,24.691666,17/12/2023
39.837498,moderate,939.1667,476.5320213,10.595834,28.329168,67.166664,661,27.516668,18/12/2023
39.0625,moderate,1078.4584,476.5320213,12.533333,29.966667,76.583336,495,27.158333,19/12/2023
38.083332,moderate,1024.1666,476.5320213,12.683333,26.3125,75.291664,405,26.220833,20/12/2023
29.9125,low,935.5,476.5320213,10.770833,23.645834,75,318,20.833334,21/12/2023
24.641668,low,676.875,476.5320213,6.8125,13.5625,49.375,377,17.0875,22/12/2023
23.5625,low,653.8333,476.5320213,4.8958335,12.7375,50.75,129,16.066668,23/12/2023
23.800001,low,678.9583,476.5320213,5.125,14.458333,53.5,103,16.183332,24/12/2023
30.879166,low,935.7917,476.5320213,8.370833,18.5875,56.041668,781,21.245832,25/12/2023
40.054165,moderate,1084.2916,476.5320213,9.95,25.995834,75.291664,477,27.691666,26/12/2023
33.416668,low,964.2917,476.5320213,7.8875003,21.270834,68.416664,378,23.208334,27/12/2023
34.320835,low,967.1667,476.5320213,9.091666,22.941666,64.958336,314,23.854166,28/12/2023
33.983334,low,913.4167,476.5320213,10.441667,23.012499,65.583336,113,23.616667,29/12/2023
32.191666,low,845.875,476.5320213,11.104167,25.358332,68.541664,83,22.391668,30/12/2023
30.533333,low,848.7083,476.5320213,11.691667,24.908333,75.458336,102,21.241667,31/12/2023
28.991667,low,873.625,476.5320213,11.895833,25.333334,69.041664,101,20.195833,01/01/2024
23.654167,low,876.4167,476.5320213,7.4,25.012499,60.333332,194,16.529167,02/01/2024
31.358332,low,916.4167,476.5320213,12.670834,27.920832,84.5,333,21.920832,03/01/2024
28.008333,low,801.8333,476.5320213,8.758333,24.233332,70.791664,267,19.387499,04/01/2024
24.449999,low,821.375,476.5320213,7.1375003,25.341667,65.916664,315,16.858334,05/01/2024
26.295832,low,892.3333,476.5320213,8.854167,27.304167,65.416664,88,18.091667,06/01/2024
28.116667,low,814.3333,476.5320213,7.4625,24.179167,59.041668,55,19.391666,07/01/2024
24.75,low,808.75,476.5320213,7.1041665,21.8375,43,584,17.1,08/01/2024
21.733332,low,791.375,476.5320213,7.3458333,23.7875,44.75,466,15.016666,09/01/2024
22.454168,low,779.875,476.5320213,7.7708335,25.441666,51.458332,370,15.5,10/01/2024
25.4125,low,837.875,476.5320213,8.1375,24.529167,41.125,234,17.516666,11/01/2024
21.104166,very low,785.1667,476.5320213,7.375,22.987501,47.416668,265,14.633334,12/01/2024
26.933334,low,623,476.5320213,6.275,16.245832,66.458336,61,18.779167,13/01/2024
29.991667,low,699.125,476.5320213,6.1625,18.625,57.833332,66,20.804167,14/01/2024
25.404167,low,625.625,476.5320213,4.4333334,15.058333,51.916668,417,17.574999,15/01/2024
27.883333,low,783.4583,476.5320213,6.1416664,18.766666,57.416668,488,19.254168,16/01/2024
26.116667,low,958.875,476.5320213,7.65,22.283333,47.958332,534,18.137499,17/01/2024
26.4,low,910.9583,476.5320213,7.133333,22.370834,42.916668,339,18.220833,18/01/2024
18.9375,very low,848.0833,476.5320213,6.0166664,17.291666,42.5,345,13.112499,19/01/2024
21.183332,very low,787.5,476.5320213,6.2875,22.566666,48.416668,117,14.654167,20/01/2024
22.4125,low,786.1667,476.5320213,6.2666664,20.041666,50.041668,107,15.404166,21/01/2024
30.229166,low,841.2083,476.5320213,6.8583336,24.966667,62.25,646,20.758333,22/01/2024
25.300001,low,568.875,476.5320213,4.6291666,13.170834,65.583336,522,17.333334,23/01/2024
30.391668,low,657.5,476.5320213,6.5125003,11.683333,69,403,21.050001,24/01/2024
34.55,low,661.2917,476.5320213,5.8375,10.837501,68.875,276,23.854166,25/01/2024
24.216667,low,650.2917,476.5320213,6.495833,12.795834,51.041668,349,16.841667,26/01/2024
23.179167,low,639.375,476.5320213,4.7374997,14.241666,50.416668,139,16.050001,27/01/2024
23.420832,low,687.7083,476.5320213,4.6749997,16.616667,45.583332,123,16.204166,28/01/2024
23.170832,low,498.16666,476.5320213,3.3041668,10.104167,55.208332,577,16.0125,29/01/2024
21.275,very low,479.875,476.5320213,3.0166667,10.425,45.75,409,14.724999,30/01/2024
17.508333,very low,679.2083,476.5320213,5.6625,17.675001,38.458332,428,12.166667,31/01/2024
17.841667,very low,755.125,476.5320213,6.1583333,17.3125,45.916668,306,12.395833,01/02/2024
17.291666,very low,754.5417,476.5320213,6.225,17.0375,44.416668,456,12.029167,02/02/2024
25.9,low,740.0833,476.5320213,5.6875,18.6625,49.916668,152,17.470833,03/02/2024
35.166668,low,781.4167,476.5320213,6.5499997,20.033333,54.333332,87,23.0625,04/02/2024
28.070833,low,849.1667,476.5320213,6.8291664,21.245832,55.041668,538,18.816668,05/02/2024
27.2875,low,852.4167,476.5320213,6.3958335,20.533333,52.5,424,18.029167,06/02/2024
34.666668,low,835.75,476.5320213,6.2708335,20.920834,54.916668,433,22.316666,07/02/2024
38.958332,low,838.0417,476.5320213,7.0916667,24.925001,57.583332,318,24.679167,08/02/2024
34.558334,low,684.8333,476.5320213,6.129167,18.504168,64.875,322,22.895834,09/02/2024
42.80417,moderate,533.8333,476.5320213,5.3375,8.912499,73,141,29.25,10/02/2024
53.591663,moderate,1016.6667,476.5320213,9.520833,26.420832,63.708332,147,36.850002,11/02/2024
50.895832,moderate,1073.2084,476.5320213,11.120833,28.608332,86.041664,661,34.754166,12/02/2024
30.016668,low,816.0417,476.5320213,6.9708333,24.204168,68.541664,382,20.533333,13/02/2024
31.604166,low,915.3333,476.5320213,7.629166,26.025,54.875,518,21.4125,14/02/2024
35.654167,low,925.1667,476.5320213,7.2041664,26.308334,79.208336,274,24.554167,15/02/2024
29.933334,low,698.5833,476.5320213,5.2125,15.8125,79.291664,371,20.658333,16/02/2024
27.525,low,785.625,476.5320213,6.495833,18.941668,46.291668,198,18.604166,17/02/2024
22.445833,low,792.75,476.5320213,6.1416664,18.566668,56.25,112,15.179166,18/02/2024
23.691666,low,759.5417,476.5320213,6.225,18.445833,61,651,16.1,19/02/2024
22.633333,low,697.3333,476.5320213,5.758333,15.191667,55.791668,488,15.466667,20/02/2024
26.920832,low,807.9583,476.5320213,6.15,21.370834,59.875,383,18.15,21/02/2024
31.429167,low,872.2917,476.5320213,7.2374997,26.4375,60.833332,300,21.1,22/02/2024
23.429167,low,831.0833,476.5320213,6.9041667,22.591667,58.333332,378,16.020834,23/02/2024
30.324999,low,790.3333,476.5320213,6.4083333,24.5,54.875,158,20.65,24/02/2024
34.712498,low,704.8333,476.5320213,6.008333,19.254168,65.833336,138,23.641665,25/02/2024
46.816666,moderate,679.3333,476.5320213,6.2291665,15.995833,78.208336,176,32.108334,26/02/2024
41.108334,moderate,565.4167,476.5320213,3.7916667,10.804166,62.833332,536,28.141668,27/02/2024
26.204168,low,581.875,476.5320213,3.8458335,12.150001,56,400,18.020834,28/02/2024
22.949999,low,599.875,476.5320213,4.4708333,15.849999,60.25,358,15.733334,29/02/2024
29.858332,low,632.625,476.5320213,4.7625003,16.762499,65.791664,362,20.320833,01/03/2024
32.3875,low,475.75,476.5320213,3.7416668,8.333333,70.25,194,22.025,02/03/2024
23.570833,low,543.1667,476.5320213,3.9541667,12.408333,53.458332,158,15.816667,03/03/2024
22.870834,low,628.5,476.5320213,4.4625,16.4375,53.083332,677,15.483334,04/03/2024
41.079166,moderate,839,476.5320213,5.375,21.045834,61.458332,423,27.754166,05/03/2024
46.75833,moderate,930.4583,476.5320213,7.1375003,25.933334,78.75,440,31.949999,06/03/2024
60.225002,high,836.25,476.5320213,6.191667,17.066668,89.791664,319,40.733334,07/03/2024
45.80417,moderate,619.625,476.5320213,4.5625,11.679166,76.625,531,30.9125,08/03/2024
25.566666,low,549.6667,476.5320213,3.8541667,12.9375,56.333332,145,17.262499,09/03/2024
30.816666,low,709.4167,476.5320213,5.383333,17.525,62.458332,87,20.525,10/03/2024
32.258335,low,477.75,476.5320213,3.9624999,10.833333,70.625,642,21.383333,11/03/2024
24.633333,low,451.54166,476.5320213,3.2666667,10.166667,55.625,375,16.4625,12/03/2024
24.0875,low,569.5,476.5320213,3.8666668,13.474999,60.333332,501,16.366667,13/03/2024
54.225002,moderate,972.7917,476.5320213,7.191667,25.679167,75.041664,272,36.495834,14/03/2024
69.987495,high,998.0417,476.5320213,6.8916664,19.245832,99.333336,463,47.100002,15/03/2024
64.34583,high,786.8333,476.5320213,5.1041665,13.308333,85.708336,168,42.3,16/03/2024
63.925,high,654.875,476.5320213,4.225,14,65.708336,120,40.929165,17/03/2024
51.104168,moderate,700.9167,476.5320213,4.3416667,16.045834,64.583336,685,33.391666,18/03/2024
67.19583,high,662.75,476.5320213,5.9874997,9.804167,116.5,450,44.983334,19/03/2024
37.779167,moderate,690.0417,476.5320213,6.808333,12.729167,74.541664,362,26.254166,20/03/2024
38.029167,moderate,774.4167,476.5320213,5.2000003,17.416666,71.083336,345,26.454168,21/03/2024
26.3125,low,708.5833,476.5320213,4.5499997,15.491666,52.541668,426,17.875,22/03/2024
20.629168,very low,492.125,476.5320213,3.3125,12.483334,55.458332,166,13.870833,23/03/2024
25.737501,low,566.5417,476.5320213,4.5041666,16.016666,59.083332,132,17.116667,24/03/2024
33.779167,low,644.9583,476.5320213,5.4625,17.166666,74.291664,781,22.625,25/03/2024
39.904167,moderate,514.2083,476.5320213,4.5958333,9.104167,78.458336,504,26.699999,26/03/2024
35.545834,low,465.45834,476.5320213,3.9833333,8.925,63.041668,475,23.491667,27/03/2024
30.862501,low,684.0833,476.5320213,5.995833,20.5875,58.916668,309,19.970833,28/03/2024
34.454166,low,520.2083,476.5320213,3.8625,12.7375,68.958336,352,22.129166,29/03/2024
46.808334,moderate,769.3333,476.5320213,6.120833,22.233332,60.291668,111,29.670832,30/03/2024
51.379166,moderate,630.875,476.5320213,5.0750003,13.849999,73.791664,110,31.616667,31/03/2024
48.208332,moderate,669.7917,476.5320213,5.070833,14.662499,71.041664,703,30.0625,01/04/2024
41.808334,moderate,661.4167,476.5320213,4.9583335,13.279167,75.291664,427,26.833334,02/04/2024
62.412502,high,679,476.5320213,4.9375,12.849999,79.416664,387,39.345833,03/04/2024
44.575,moderate,717.7083,476.5320213,5.5125003,16.391666,74.875,319,28.574999,04/04/2024
55.245834,moderate,652.4167,476.5320213,5.15,12.829166,81.375,495,35.370834,05/04/2024
59.837498,high,604.5417,476.5320213,4.1291666,9.925,81.875,132,38.229168,06/04/2024
50.416668,moderate,610.5417,476.5320213,4.0916667,10.55,82.458336,76,32.545834,07/04/2024
57.808334,high,689.75,476.5320213,5.2291665,15.154167,73.541664,122,38.220833,08/04/2024
54.795834,moderate,723.75,476.5320213,4.8416667,13.162499,82.5,492,36.649998,09/04/2024
67.270836,high,683,476.5320213,6.9541664,11.441667,82,509,45.808334,10/04/2024
50.5,moderate,760.4583,476.5320213,4.945833,17.608334,78.375,355,34.725002,11/04/2024
49.645832,moderate,602.6667,476.5320213,2.8416665,8.145833,78.666664,171,33.975002,12/04/2024
43.325,moderate,647.5,476.5320213,2.9958334,11.025001,67.333336,63,29.391665,13/04/2024
39.379166,moderate,685.5417,476.5320213,3.3041668,11.9875,77.208336,81,26.775,14/04/2024
40.783333,moderate,786.0417,476.5320213,5.0875,16.074999,68.416664,115,27.754166,15/04/2024
35.662502,low,581.9167,476.5320213,3.125,10.3875,67.916664,99,23.7875,16/04/2024
32.045834,low,564.9583,476.5320213,3.1625001,10.841667,63.958332,444,21.0375,17/04/2024
47.120834,moderate,634.2083,476.5320213,4.4041667,15.008334,61.25,345,30.108332,18/04/2024
47.6375,moderate,563.4167,476.5320213,3.8333333,12.141666,58.541668,417,29.466667,19/04/2024
42.708332,moderate,575.1667,476.5320213,3.7833335,9.6125,71.125,243,26.7125,20/04/2024
33.920834,low,485.41666,476.5320213,3.0625,10.079166,61.166668,85,20.791666,21/04/2024
42.825,moderate,468.125,476.5320213,3.3416665,8.9875,69.166664,810,25.9,22/04/2024
44.408337,moderate,561.1667,476.5320213,3.9208333,11.962501,65.708336,555,28.275,23/04/2024
36.370834,low,463.79166,476.5320213,2.9208333,8.675,67.916664,413,23.354166,24/04/2024
41.004166,moderate,564.3333,476.5320213,3.7625,14.912499,54.5,350,26.1,25/04/2024
34.495834,low,462.125,476.5320213,2.7458334,9.779166,58.458332,449,22.095833,26/04/2024
49.662502,moderate,544.3333,476.5320213,4.1124997,13.2375,65.583336,216,31.783333,27/04/2024
49.045834,moderate,468.04166,476.5320213,3.2250001,8.929167,68.5,95,31.025,28/04/2024
39.87083,moderate,449.5,476.5320213,3.4958334,9.020833,63.125,705,25.154167,29/04/2024
38.341667,low,448.45834,476.5320213,4.2458334,9.595834,64.375,457,24.795832,30/04/2024
42.912502,moderate,539.4167,476.5320213,6.3458333,12.295834,66.958336,355,28.258333,01/05/2024
54.004166,moderate,392.41666,476.5320213,3.9916668,7.945833,60.541668,283,35.133335,02/05/2024
42.558334,moderate,595.4583,476.5320213,5.0333333,15.829166,57.833332,388,28.379166,03/05/2024
39.308334,moderate,490.04166,476.5320213,3.3999999,10.7625,65.25,68,25.7875,04/05/2024
34.345833,low,493,476.5320213,3.6041667,11.941667,68.208336,92,22.2125,05/05/2024
44.9375,moderate,600.4583,476.5320213,4.1,16.65,66.375,125,28.129166,06/05/2024
53.825,moderate,456.41666,476.5320213,3.95,7.7625003,77.041664,539,35.329166,07/05/2024
50.4375,moderate,508.25,476.5320213,3.9375,11.05,69.375,414,33.529167,08/05/2024
40.445835,moderate,375.25,476.5320213,2.8791666,5.775,78.625,447,26.920832,09/05/2024
34.075,low,483.375,476.5320213,3.8374999,11.145833,66.083336,97,23.204168,10/05/2024
32.1125,low,558.0833,476.5320213,4.4041667,14.095833,60.291668,178,21.987501,11/05/2024
26.304167,low,521.8333,476.5320213,4.2708335,14.041667,58.416668,66,18.2125,12/05/2024
34.783333,low,494.83334,476.5320213,3.4624999,11.408333,57.583332,666,23.720833,13/05/2024
27.487501,low,571.5833,476.5320213,4.454167,14.183333,66.75,436,18.808332,14/05/2024
30.908333,low,738.8333,476.5320213,6.2083335,21.054167,53.666668,366,21.4125,15/05/2024
37.883335,moderate,633.4583,476.5320213,6.7125,14.224999,82.083336,308,26.3125,16/05/2024
28.366667,low,464.58334,476.5320213,3.8708334,8.0125,68.833336,392,19.775,17/05/2024
28.045832,low,814.125,476.5320213,6.741667,22.179167,47.375,171,19.516666,18/05/2024
23.5875,low,500.45834,476.5320213,3.8208332,13.8125,56.833332,127,16.304167,19/05/2024
21.845833,low,436.91666,476.5320213,2.8999999,10.666667,54.75,674,15.008334,20/05/2024
17.645834,very low,461.25,476.5320213,4.5291667,8.966666,79.958336,465,12.337501,21/05/2024
21.258333,very low,651.375,476.5320213,5.3416667,17.658333,68.291664,102,14.875,22/05/2024
18.320833,very low,485.16666,476.5320213,4.766667,9.995833,79.375,307,12.8125,23/05/2024
8.870833,very low,352.625,476.5320213,6.0958333,10.183333,54.791668,366,6.2125,24/05/2024
9.416667,very low,370.41666,476.5320213,3.5791667,11.683333,36.166668,138,6.5750003,25/05/2024
8.679167,very low,312.45834,476.5320213,2.5458333,10.212501,30.625,120,6.045833,26/05/2024
10.633333,very low,432.16666,476.5320213,3.2250001,13.895833,28.416666,607,7.429167,27/05/2024
14.733334,very low,460.08334,476.5320213,3.3458335,13.658333,36.625,471,10.270833,28/05/2024
19.216667,very low,544,476.5320213,3.7083333,16.449999,37.375,473,13.408333,29/05/2024
23.633333,low,536.4583,476.5320213,3.6125,14.945834,44.875,321,15.604167,30/05/2024
36.787502,low,619.875,476.5320213,4.5208335,18.045834,62.041668,413,23.016668,31/05/2024
14.979167,very low,366.41666,476.5320213,2.7083333,9.941667,53.791668,147,9.983334,01/06/2024
12.966667,very low,402.5,476.5320213,3.6166668,13.416667,33.541668,64,9.058333,02/06/2024
14.791667,very low,644.9583,476.5320213,5.2375,20.095835,31.333334,90,10.4375,03/06/2024
20.254168,very low,657.3333,476.5320213,5.5791664,17.179167,37.708332,414,14.008334,04/06/2024
22.929167,low,475.20834,476.5320213,3.7291667,13.962501,44,341,15.3,05/06/2024
13.658333,very low,432.625,476.5320213,3.3791666,12.808333,38.75,270,9.599999,06/06/2024
14.966667,very low,510.16666,476.5320213,3.7625,14.849999,40.833332,356,10.566667,07/06/2024
20.995832,very low,736.5833,476.5320213,6.6875,23.345833,47.166668,148,14.508334,08/06/2024
21.620834,very low,395.41666,476.5320213,3.2041667,9.183333,62.083332,101,13.783333,09/06/2024
17.795834,very low,435.375,476.5320213,4.883333,10.316667,65.583336,606,12.416667,10/06/2024
10.029166,very low,307.08334,476.5320213,2.5416667,9.566667,35.75,352,7.058333,11/06/2024
9.587501,very low,389,476.5320213,2.6583333,11.5125,39.25,324,6.7666664,12/06/2024
10.2375,very low,347,476.5320213,2.5833333,10.729167,34.583332,306,7.129167,13/06/2024
8.933333,very low,387.66666,476.5320213,2.6583333,11.258334,34.75,345,6.2374997,14/06/2024
21.545832,very low,833.0417,476.5320213,6.695833,25.645834,44.583332,116,14.933333,15/06/2024
19.770834,very low,812.2083,476.5320213,5.7208333,22.233332,41.625,127,13.845833,16/06/2024
16.495832,very low,595.9167,476.5320213,4.3791666,16.916666,42.125,662,11.516666,17/06/2024
13.695834,very low,538.4583,476.5320213,4.025,12.766666,41.25,441,9.3,18/06/2024
13.1875,very low,413.33334,476.5320213,3.3999999,11.629167,37.958332,288,9.283334,19/06/2024
11.641666,very low,490.5,476.5320213,3.7416668,13.708333,31.666666,321,8.145833,20/06/2024
16.704166,very low,488.625,476.5320213,3.3125,12.983334,40.541668,387,11.724999,21/06/2024
20.933332,very low,533.0417,476.5320213,3.6083333,14.5125,48,106,14.491666,22/06/2024
20.375,very low,455.08334,476.5320213,3.5666666,13.033333,46.708332,113,14.308333,23/06/2024
18.300001,very low,462.91666,476.5320213,3.8999999,14.154167,38.083332,745,12.875,24/06/2024
19.470833,very low,371.875,476.5320213,4.0208335,10.466666,51.708332,531,13.691667,25/06/2024
11.150001,very low,378.5,476.5320213,4.2083335,13.341666,32.958332,429,7.820833,26/06/2024
11.345833,very low,406.70834,476.5320213,3.2708333,13.920834,30,317,7.9208336,27/06/2024
17.270834,very low,515.5,476.5320213,4.1375003,16.925001,33.416668,396,12.170834,28/06/2024
12.966667,very low,368.79166,476.5320213,3.1958332,11.845833,34.541668,151,9.166667,29/06/2024
13.304166,very low,415.29166,476.5320213,2.9708335,12.404167,31.291666,79,9.25,30/06/2024
11.991666,very low,464.91666,476.5320213,4.1041665,11.958333,29.083334,474,8.224999,01/07/2024
17.116667,very low,615.4583,476.5320213,5.495833,16.845833,31.583334,422,11.583333,02/07/2024
12.958333,very low,338.75,476.5320213,3.0791667,11.087501,34.375,384,8.766666,03/07/2024
16.354166,very low,415.20834,476.5320213,4.4083333,14.258334,40.333332,374,11.420834,04/07/2024
18.416666,very low,420.125,476.5320213,3.7749999,12.820834,44.166668,394,12.891666,05/07/2024
15.029167,very low,361.875,476.5320213,3.1875,10.925,44.708332,155,10.5,06/07/2024
11.283333,very low,349.54166,476.5320213,3.3333333,10.9375,45.875,96,7.9208336,07/07/2024
11.587501,very low,332.83334,476.5320213,2.5041666,10.8875,35.875,566,8.170834,08/07/2024
20.979166,very low,528.9167,476.5320213,4.3458333,17.020834,36.416668,435,14.854167,09/07/2024
20.362501,very low,520.875,476.5320213,4.133333,15.662499,39.916668,378,14.370833,10/07/2024
16.775,very low,618.7083,476.5320213,5.875,18.112501,35.041668,327,11.712501,11/07/2024
16.5625,very low,692.375,476.5320213,6.7791667,20.875,30.083334,347,11.712501,12/07/2024
14.183333,very low,413.25,476.5320213,3.7458334,14.25,34.916668,143,9.9875,13/07/2024
14.833333,very low,597.5,476.5320213,5.3083334,17.108334,38.333332,90,10.454166,14/07/2024
18.4125,very low,569.7083,476.5320213,4.4500003,17.0375,41.291668,774,12.979167,15/07/2024
15.354167,very low,467.08334,476.5320213,4,14.720833,40.208332,450,10.770833,16/07/2024
22.591667,low,637.3333,476.5320213,7.2708335,21.254168,52.291668,396,15.820834,17/07/2024
17.570833,very low,508.5,476.5320213,5.116667,17.166666,38.708332,385,12.316667,18/07/2024
14.375,very low,507.70834,476.5320213,4.0625,15.720833,31.875,396,10.083333,19/07/2024
12.645833,very low,403.125,476.5320213,3.5874999,13.545834,33.5,110,8.875,20/07/2024
13.154167,very low,547.7083,476.5320213,4.3958335,16.845835,34.625,78,9.204166,21/07/2024
15.158333,very low,521.375,476.5320213,4.4791665,15.854167,35,76,10.620833,22/07/2024
12.654167,very low,588.5,476.5320213,4.545833,14.4375,31.416666,449,8.841666,23/07/2024
12.133334,very low,432.91666,476.5320213,3.3666668,13.0125,38.166668,431,8.454166,24/07/2024
6.9500003,very low,326.375,476.5320213,2.5833333,10.541667,34.583332,384,4.8624997,25/07/2024
8.704166,very low,329.75,476.5320213,2.7333333,10.491667,37,423,6.0958333,26/07/2024
10.05,very low,352.625,476.5320213,2.8958333,11.716667,33.041668,102,7.0416665,27/07/2024
9.629167,very low,338.66666,476.5320213,2.8208332,11.325,36.166668,122,6.754167,28/07/2024
11.354167,very low,376.41666,476.5320213,3.2124999,12.925,28.166666,89,7.9708333,29/07/2024
10.541667,very low,384.54166,476.5320213,3.4375,13.454166,26.833334,470,7.245833,30/07/2024
8.912499,very low,314.41666,476.5320213,2.4708333,9.695833,33.041668,421,6.2666664,31/07/2024
8.05,very low,408.16666,476.5320213,3.3166666,13.808333,22.166666,297,5.6458335,01/08/2024
12.029167,very low,551.2083,476.5320213,4.2374997,17.658333,24.25,407,8.408334,02/08/2024
14.754167,very low,485,476.5320213,3.9916668,14.133334,30.166666,245,10.379167,03/08/2024
15.141666,very low,424.25,476.5320213,3.1458333,12.875,36.166668,109,10.6125,04/08/2024
16.245832,very low,440.16666,476.5320213,3.7291667,14.441667,35.25,648,11.474999,05/08/2024
17.258333,very low,457.45834,476.5320213,4.4083333,15.141666,36.541668,463,12.345833,06/08/2024
18.199999,very low,473.83334,476.5320213,4.1875,15.587501,35.625,319,13.208333,07/08/2024
23.2125,low,873.0833,476.5320213,7.866667,23.025,32.375,368,16.645834,08/08/2024
21.695833,low,673.125,476.5320213,5.6875,16.316668,36.041668,371,15.3,09/08/2024
17.066668,very low,607.2083,476.5320213,5.616667,14.016666,32.041668,191,11.912499,10/08/2024
19.770834,very low,720.9583,476.5320213,6.491667,16.720833,29.416666,127,13.583333,11/08/2024
24.7125,low,609.75,476.5320213,5.6416664,20.45,31.375,76,17.487501,12/08/2024
16.783333,very low,572.625,476.5320213,4.9166665,19.275,30.541666,558,11.820834,13/08/2024
17.137499,very low,570.0417,476.5320213,4.65,17.166666,32.041668,315,12.016666,14/08/2024
17.85,very low,568.25,476.5320213,4.358333,15.295834,24.958334,390,12.720833,15/08/2024
17.4625,very low,527.2083,476.5320213,4.6583333,17.808332,29.958334,418,12.304166,16/08/2024
16.570833,very low,500.54166,476.5320213,4.3958335,16.520834,32.875,120,11.666667,17/08/2024
14.175,very low,486,476.5320213,4.25,17.012499,28.583334,134,9.920834,18/08/2024
19.658335,very low,625.375,476.5320213,5.5208335,19.283333,33.25,651,13.787499,19/08/2024
23.391668,low,679.5833,476.5320213,5.9125,22.429167,31.416666,521,16.429167,20/08/2024
17.625,very low,784.375,476.5320213,6.9125,26.795832,19.125,474,12.354167,21/08/2024
13.6125,very low,423.29166,476.5320213,3.8083334,14.05,27.833334,301,9.570833,22/08/2024
13.162499,very low,495.29166,476.5320213,4.1749997,14.875,21.416666,463,9.229167,23/08/2024
15.412499,very low,531.2083,476.5320213,4.5125003,18.204166,31.125,138,10.808333,24/08/2024
20.595835,very low,747.875,476.5320213,6.995833,21.800001,28.833334,149,14.429168,25/08/2024
20.550001,very low,679.75,476.5320213,5.875,23.258333,30.583334,645,14.516666,26/08/2024
21.5875,low,568.6667,476.5320213,5.554167,18.816668,39.666668,454,15.212501,27/08/2024
16.487501,very low,484.5,476.5320213,4.295833,15.712501,34.833332,485,11.616666,28/08/2024
15.75,very low,438.75,476.5320213,4.1041665,15.629167,30.125,357,11.091667,29/08/2024
17.258333,very low,546.4583,476.5320213,4.1458335,16.695833,35.5,459,12.045834,30/08/2024
18.8625,very low,587.375,476.5320213,4.920833,18.629168,39.291668,144,13.158333,31/08/2024
23.570833,low,653,476.5320213,5.8375,23.0625,44.666668,147,16.520834,01/09/2024
29.133333,low,737.7083,476.5320213,5.258333,19.008333,56.541668,582,20.387499,02/09/2024
29.4625,low,686.7917,476.5320213,5.5291667,20.058332,61.5,480,20.583334,03/09/2024
22.658333,low,732.2083,476.5320213,5.879167,21.029167,57.333332,475,15.825,04/09/2024
16.745832,very low,550.2083,476.5320213,3.9166667,16.875,37.625,413,11.724999,05/09/2024
18.033333,very low,581.75,476.5320213,4.733333,15.412499,38.833332,375,12.691667,06/09/2024
11.787499,very low,421.79166,476.5320213,3.6958332,13.587501,41.833332,168,8.220834,07/09/2024
11.291667,very low,479.79166,476.5320213,4.045833,14.9375,34.833332,124,7.9083333,08/09/2024
12.070832,very low,468.25,476.5320213,3.9375,15.179166,29.25,592,8.462501,09/09/2024
7.625,very low,388.625,476.5320213,3.0833333,13.079166,21.958334,529,5.3375,10/09/2024
10.212501,very low,403.91666,476.5320213,3.5541668,14.070834,25.208334,398,7.1625,11/09/2024
14.970833,very low,527.8333,476.5320213,4.554167,18.550001,32.125,557,10.416667,12/09/2024
19.029167,very low,713.4583,476.5320213,5.9625,19.504168,33.791668,433,13.0625,13/09/2024
24.620834,low,714.5417,476.5320213,4.9874997,21.995834,35.125,165,17.15,14/09/2024
24.975,low,749.5833,476.5320213,5.5875,19.387499,37.833332,130,17.429167,15/09/2024
26.762499,low,760.125,476.5320213,4.5333333,20.070833,42.458332,649,18.408333,16/09/2024
27.195833,low,786.6667,476.5320213,5.8416667,22.991667,53,598,19.025,17/09/2024
32.0125,low,891.625,476.5320213,6.9249997,26.099998,65.708336,429,22.316666,18/09/2024
29.954168,low,861.2917,476.5320213,6.808333,26.495834,59.25,333,20.783333,19/09/2024
38.854168,moderate,974.375,476.5320213,8.3,28.570833,69.083336,466,27.016668,20/09/2024
24.512499,low,540.625,476.5320213,4.3708334,13.645833,60.5,225,17.0375,21/09/2024
22.237501,low,575.7083,476.5320213,5.2791667,15.129167,65.75,170,15.554166,22/09/2024
18.820833,very low,648.8333,476.5320213,6.0208335,21.466667,35.958332,530,13.175,23/09/2024
16.425001,very low,470.58334,476.5320213,4.2625003,14.287499,40.041668,506,11.491666,24/09/2024
16.429167,very low,511.54166,476.5320213,4.7458334,16.604166,22.875,509,11.495833,25/09/2024
16.716665,very low,455.04166,476.5320213,4.7374997,16.566668,41.041668,469,11.745833,26/09/2024
34.508335,low,1030.3334,476.5320213,7.866667,33.3125,43.916668,501,24.141668,27/09/2024
36.379166,moderate,951.75,476.5320213,7.0375,30.925001,47.25,202,25.491667,28/09/2024
31.908333,low,800.5833,476.5320213,5.4708333,22.375,42.541668,131,22.4,29/09/2024
24.716667,low,700.25,476.5320213,5.75,21.5375,27.916666,583,17.395834,30/09/2024
17.754168,very low,491.625,476.5320213,5.7958336,14.570834,46.291668,502,12.5,01/10/2024
17.108334,very low,502.25,476.5320213,8.904166,15.241666,56.125,499,12,02/10/2024
11.783333,very low,440.16666,476.5320213,7.9375,12.754167,53.083332,370,8.254167,03/10/2024
19.745832,very low,767.6667,476.5320213,8.4375,23.425001,45.416668,495,13.816667,04/10/2024
26.591667,low,788.8333,476.5320213,8.520833,26.475,59.208332,170,18.566668,05/10/2024
39.079166,moderate,764.5,476.5320213,11.75,21.966667,89.416664,202,27.233332,06/10/2024
45.158337,moderate,763.875,476.5320213,8.966666,17.4375,82.708336,688,31.416666,07/10/2024
38.520832,moderate,1044.2084,476.5320213,11.8875,30.695833,65.458336,567,26.908333,08/10/2024
37.416668,moderate,758.9167,476.5320213,8.724999,19.9625,88.041664,565,26.058334,09/10/2024
35.358334,low,769.875,476.5320213,6.8958335,19.116667,81.041664,434,24.641668,10/10/2024
31.4625,low,691.1667,476.5320213,5.241667,16.716667,69.958336,613,21.866667,11/10/2024
50.704166,moderate,1041.9584,476.5320213,9.8625,27.958334,75.041664,215,35.254166,12/10/2024
42.712498,moderate,852.7083,476.5320213,9.220834,19.879168,77.833336,145,29.5375,13/10/2024
28.104166,low,708.4167,476.5320213,5.5499997,17.958334,57.666668,162,19.545834,14/10/2024
33.733334,low,821.625,476.5320213,4.866667,18.933332,64.375,542,23.508333,15/10/2024
29.195833,low,532.7083,476.5320213,4.0333333,9.9375,76.791664,579,20.266666,16/10/2024
30.358332,low,982.9167,476.5320213,8.479167,28.733332,53.916668,423,21.204166,17/10/2024
30.091667,low,918.9167,476.5320213,7.129167,27.112501,63.666668,496,21.0375,18/10/2024
36.429165,moderate,931.9167,476.5320213,6.745833,24.449999,78.625,155,25.441666,19/10/2024
19.541666,very low,604.3333,476.5320213,5.4833336,17.183332,52.666668,114,13.633334,20/10/2024
23.925001,low,659.5417,476.5320213,5.758333,20.233334,51.375,633,16.566668,21/10/2024
18.762499,very low,600.5833,476.5320213,4.9958334,16.945833,53.583332,645,13.058333,22/10/2024
28.979166,low,948.2083,476.5320213,9.537499,28.949999,62.125,211,20.045834,23/10/2024
35.654167,low,1032.125,476.5320213,10.304167,30.9,64.875,432,24.708334,24/10/2024
26.395834,low,892.1667,476.5320213,6.125,23.65,53.25,436,18.387499,25/10/2024
22.616667,low,1833.5,530.125,6.0125003,19.745832,40.25,191,15.5625,26/10/2024
19.316668,very low,1861.625,522.8333,3.8,14.933333,47.625,120,13.454166,27/10/2024
22.15,low,935.875,501.66666,6.1375003,21.949999,54.625,697,15.404167,28/10/2024
28.283333,low,1974,512.8333,7.2333336,23.791666,45.875,572,19.695833,29/10/2024
37.308334,moderate,2200.0833,522.3333,7.9874997,26.279167,74,477,26.033333,30/10/2024
34.45,low,2344.125,539.4583,9.400001,29.895834,55.416668,304,23.995834,31/10/2024
33.866665,low,1869.4166,512.7917,7.2291665,28.862501,58.291668,478,23.508333,01/11/2024
27.362501,low,1638.7916,499.33334,5.8291664,15.316667,67.458336,199,19.070833,02/11/2024
33.008335,low,1451.125,492.54166,9.979167,27.154167,72.75,128,22.9625,03/11/2024
27.800001,low,1549.2916,500.58334,9.145833,28.770834,63,599,19.233334,04/11/2024
22.295832,low,1095.125,483.91666,4.3458333,14.741668,53.875,568,15.466667,05/11/2024
14.654167,very low,853.4167,464.625,4.875,15.229167,50.666668,434,10.191667,06/11/2024
22.25,low,956.1667,466.45834,8.866667,13.537499,54.375,397,15.3125,07/11/2024
25.345833,low,929.25,472.54166,4.641667,13.445834,40.833332,520,17.570833,08/11/2024
31.679167,low,1715.125,504,4.320833,14.529167,50.208332,159,21.725,09/11/2024
36.791668,moderate,1981.4584,516.2083,7.616667,26.9375,58.166668,95,25.379166,10/11/2024
36.195835,moderate,1843.6666,511.125,8.675,27.608332,71.416664,629,25.1625,11/11/2024
35.479168,moderate,1866.5834,505.45834,13.670834,38.495834,74.541664,485,30.362501,12/11/2024
29.574999,moderate,1807.3334,496.375,11.1375,32.720833,84.416664,499,29.458334,13/11/2024
23.9375,low,1696.5,495.625,11.662499,31.637499,62.583332,425,23.879166,14/11/2024
18.699999,low,1333.5834,483.83334,10.820834,34.7375,57.125,554,18.370832,15/11/2024
22.3125,low,1352.5834,481.04166,11.191667,33.375,71.125,135,22.054167,16/11/2024
22.129166,low,1468.3334,468.125,11.608334,32.991665,76.541664,151,22.012499,17/11/2024
21.345833,low,1222.4166,480.54166,8.691667,25.016668,65.875,608,21.183332,18/11/2024
26.6,moderate,1236.4166,482.66666,12.020833,34.020832,73.416664,630,26.420832,19/11/2024
26.625,moderate,1561.875,493.25,13.391666,35.245834,72.125,535,26.479166,20/11/2024
27.345833,moderate,1455.4584,492.75,13,32.754166,81.541664,450,27.233332,21/11/2024
26.175001,moderate,1334.9584,481.20834,10.545834,26.824999,84.875,552,26.095833,22/11/2024
22.4625,low,1435.2084,487.29166,10.483334,23.875,79.916664,198,22.366667,23/11/2024
35.0625,moderate,1362.6666,490,18.9,41.25,83.416664,126,34.820835,24/11/2024
30.2125,moderate,1485.7084,490.04166,16.454166,37.100002,88.333336,721,29.987501,25/11/2024
33.429165,moderate,1246.9166,478.58334,16.3375,37.133335,75.083336,815,33.037502,26/11/2024
25.449999,moderate,1298.5834,483.83334,14.245833,32.837498,73.583336,369,25.108332,27/11/2024
20.970833,low,1042.25,477.29166,12.912499,31.545832,70.791664,434,20.895834,28/11/2024
31.445833,moderate,1150.1666,486.08334,8.645833,23.904167,65.75,390,31.345833,29/11/2024
27.391668,moderate,1480.8334,489.41666,10.5,30.666666,64.916664,141,27.295832,30/11/2024
30.545832,moderate,1566.5416,487,13.733334,39.779167,81.666664,132,30.133333,01/12/2024
32.058334,moderate,1683.75,492.41666,18.166666,40.208332,85.125,542,31.791666,02/12/2024
28.254166,moderate,1585.625,489.95834,16.945833,43.704166,84,574,28.137499,03/12/2024
35.0125,moderate,1572.4584,490.16666,21.658333,47.983334,97.5,512,34.899998,04/12/2024
27.675001,moderate,1047.7084,478.125,11.2625,33.358334,55.75,130,27.5375,05/12/2024
20.304167,low,1052.6666,472.16666,8.741667,27.329168,55,491,20.145834,06/12/2024
31.816666,moderate,1165.6666,480.79166,14.808333,32.795834,74.833336,199,31.554167,07/12/2024
33.575,moderate,1605.3334,498.25,20.333334,36.25,82.25,149,33.162502,08/12/2024
36.9875,moderate,1408.625,494.45834,12.9875,36.395832,68.333336,643,36.75,09/12/2024
28.6875,moderate,1381.5416,501.33334,12.7625,37.458332,72,134,28.579168,10/12/2024
28.137499,moderate,1357.7084,490.20834,12.229167,33.7375,77.416664,513,28.016668,11/12/2024
26.445833,moderate,1213.4584,488.625,12.208333,31.445833,91.041664,471,26.258333,12/12/2024
25.495834,moderate,1296.75,487.20834,15.7625,34.270832,80.208336,413,25.441666,13/12/2024
20.854166,low,1211.8334,478.95834,13.075,18.341667,74.375,193,20.829166,14/12/2024
16.458334,low,927.7917,470.25,9.470834,14.6875,52.25,172,16.429167,15/12/2024
23.525,low,1074.4166,476.08334,9.675,25.233332,50.583332,566,23.487501,16/12/2024
25.391668,moderate,1115.75,476.625,11.854167,31.9125,69.916664,861,25.366667,17/12/2024
26.358332,moderate,1456.5,480.5,17.995832,32.241665,82.083336,488,26.358332,18/12/2024
33.995834,moderate,1472.25,485.875,20.275,35.920834,82.958336,472,33.954166,19/12/2024
34.675,moderate,1320.125,477.41666,20.308332,33.5625,88.208336,314,34.616665,20/12/2024
34.495834,moderate,1515.1666,483.41666,18.708334,30.9,92,149,34.404167,21/12/2024
41.508335,high,1694.75,483.75,18.137499,33.587498,88.666664,112,41.337498,22/12/2024
39.412502,high,1371.8334,483.45834,16.125,35.25,87,843,39.208332,23/12/2024
35.720833,moderate,1383.7084,486,13.933333,36.9875,83.208336,699,35.391666,24/12/2024
28.25,moderate,1513.2084,484.125,12.925,31.379166,89.166664,471,27.854166,25/12/2024
30.808334,moderate,1444.9584,482.625,15.416667,37.166668,91.75,394,30.204168,26/12/2024
20.420834,low,1446.875,479.29166,12.529167,31.479166,84.458336,527,20.3125,27/12/2024
19.541666,low,1213.5416,474.375,10.554167,27.941666,70,186,19.5,28/12/2024
30.175001,moderate,1396.3334,480.08334,16.670834,35.316666,84.375,84,30.170832,29/12/2024
33.475,moderate,1286.5,478.25,23.120834,40.820835,99.083336,180,33.475,30/12/2024
33.483334,moderate,1364.4166,486.25,23.295832,35.179165,95.541664,163,33.429165,31/12/2024
31.9625,moderate,1485.6666,484.625,20.166666,37.679165,97.583336,81,31.366667,01/01/2025
38.475002,moderate,1344.3334,486.08334,23.025,43.295834,100.625,422,37.166668,02/01/2025
30.754166,moderate,1483.2916,483.29166,12.320834,32.5,83.791664,399,29.133333,03/01/2025
30.254166,moderate,1299.9166,477.625,18.916666,40.054165,92.625,155,30.025,04/01/2025
37.162502,moderate,1353.7084,482.75,16.820833,37.616665,87.958336,113,36.679165,05/01/2025
34.670834,moderate,1535.7084,481.45834,15.320834,38.4375,96.291664,571,34.304165,06/01/2025
35.7375,moderate,1583.4166,482.25,22.283333,37.725002,104.375,680,35.475002,07/01/2025
36.254166,moderate,1481.3334,478.66666,16.775,35.375,79.25,607,36.029167,08/01/2025
39.774998,high,1338.1666,481.41666,18.229166,36.345833,105.25,495,39.337498,09/01/2025
34.383335,moderate,1185.6666,470.875,18.245832,31.729166,99.541664,431,32.766666,10/01/2025
25.050001,low,1192.125,480.125,11.208333,20.800001,81.083336,183,24.6875,11/01/2025
21.429167,low,858.0833,464.79166,8.875,24.050001,70.416664,126,21.254168,12/01/2025
26.979166,moderate,1385.2084,471.375,13.070834,32.704166,89.083336,765,26.829168,13/01/2025
29.104166,moderate,1415.0834,472.08334,18.720833,36.983334,98.583336,482,29.008333,14/01/2025
20.054167,low,1098.375,460.625,9.875,23.904167,87.958336,506,20.008333,15/01/2025
17.416666,low,1135.6666,463.54166,10.775001,23.0625,75.25,384,17.395834,16/01/2025
32.608334,moderate,1457.7084,472.08334,18.979166,42.133335,87.208336,428,32.595833,17/01/2025
34.591667,moderate,1464.1666,473.66666,23.104166,38.600002,122.333336,246,34.570835,18/01/2025
32.575,moderate,1530,475.45834,28.15,34.1625,123.416664,288,32.566666,19/01/2025
30.254166,moderate,1688.2084,476.91666,16.6875,28.137499,103.916664,726,30.245832,20/01/2025
24.2875,low,1731.6666,476.95834,12.183333,24.625,86.958336,701,24.245834,21/01/2025
32.1375,moderate,1695.1666,483.91666,12.979167,28.691666,91.416664,583,32.033333,22/01/2025
35.029167,moderate,1563.375,485.875,13.679168,30.529167,94.125,504,34.958332,23/01/2025
29.245834,moderate,1652.3334,490.375,15.795834,42.566666,83.875,454,29.216667,24/01/2025
24.995834,low,1564.9166,484.66666,11.8125,35.175,84.416664,169,24.604166,25/01/2025
28.870832,moderate,1730.5,481.125,16.370832,26.204168,124.75,190,28.741667,26/01/2025
40.016666,high,862.2083,478.95834,9.462501,21.470833,48.208332,530,39.833332,27/01/2025
38.3875,high,1677.7084,484.70834,17.229166,26.941666,87,681,38.037502,28/01/2025
35.179165,moderate,1746.9584,483.75,14.212501,23.258333,94.125,419,34.733334,29/01/2025
27.170832,moderate,1679.8334,480.375,7.758333,20.191668,79.416664,366,26.695833,30/01/2025
24.300001,low,1364.0834,486.83334,11.025001,33.325,68.375,377,23.675001,31/01/2025
23.5,low,1244.25,477.33334,11.629167,36.625,72.916664,165,22.970833,01/02/2025
26.291666,moderate,1480.125,481.91666,11.795834,36.633335,75.416664,269,25.941666,02/02/2025
30.762499,moderate,1456.2084,481.66666,13.220833,38.179165,109.791664,1115,30.533333,03/02/2025
27.1875,moderate,1144.7084,480.5,8.720834,15.070834,99.75,558,27.070833,04/02/2025
36.083332,moderate,1471.375,485.5,9.599999,27.504166,75.291664,648,35.729168,05/02/2025
33.629166,moderate,1500.4584,488.75,11.583333,34.570835,81.208336,408,32.9875,06/02/2025
33.595833,moderate,1458.6666,482.375,10.116667,25.933334,98.5,543,33.145832,07/02/2025
40.379166,high,1367.7084,481.79166,10.358334,19.0375,102.166664,251,40.0625,08/02/2025
24.141668,low,1199.8334,477.54166,7.616667,15.491666,91.208336,128,24.029167,09/02/2025
25.841667,moderate,1720.9166,482.58334,7.3291664,19.375,86.166664,1014,25.695833,10/02/2025
26.829168,moderate,1625.2084,484.83334,7.9833336,22.154167,77.166664,584,26.691666,11/02/2025
25.779167,moderate,1516.4166,487.125,11.279167,35.587498,72.875,207,25.679167,12/02/2025
26.941666,moderate,1331,482.91666,12.083333,35.820835,77.291664,500,26.358332,13/02/2025
29.025,moderate,1377.625,480.66666,10.8125,33.787502,78.666664,471,27.816666,14/02/2025
38.741665,moderate,1294.9584,480.04166,11.5625,34.116665,79.125,159,37.066666,15/02/2025
34.170834,moderate,1291.8334,481.54166,10.741666,32.962498,82.416664,254,32.825,16/02/2025
37.9875,moderate,1355.7916,480.04166,11.191667,35.541668,83.875,1134,36.566666,17/02/2025
42.629166,high,1672.5,482.375,8.195833,21.229166,92.541664,656,41.658333,18/02/2025
45.845837,high,1415.7084,478.54166,10.037499,25.983332,88.875,586,44.7375,19/02/2025
39.412502,high,1288.4584,477.5,8.683333,25.308334,88.916664,487,37.766666,20/02/2025
37.645832,moderate,1119.7084,474.16666,8.375,22.9625,85.875,482,35.425,21/02/2025
32.829166,moderate,1578.2916,479.91666,10.670834,30.304167,87.541664,162,30.804167,22/02/2025
37.375,moderate,1087.8334,468.54166,8.654166,21.183332,94.25,103,35.995834,23/02/2025
28.245834,moderate,903.9583,463,8.945833,19.679167,84.75,1040,27.862501,24/02/2025
32.304165,moderate,1532.625,479.95834,10.841667,19.695833,82.25,566,32.05,25/02/2025
29.820833,moderate,1495.5416,480.75,11.087501,30.554167,66.541664,655,29.529167,26/02/2025
23.833334,low,1590.7916,480.79166,8.458333,27.320833,64.083336,395,22.975,27/02/2025
28.770834,moderate,1428.75,486.33334,10.420834,34.229168,63.791668,373,27.866667,28/02/2025
23.637499,low,1428.6666,488.83334,9.091666,31.283333,59.333332,221,22.85,01/03/2025
26.541666,low,1401.1666,490.5,10.104167,34.245834,72.916664,137,24.308334,02/03/2025
32.270832,moderate,1358.6666,491.66666,11.05,35.75,85.208336,583,30.020834,03/03/2025
41.266666,high,1491.0416,489.41666,11.662499,36.016666,89.708336,512,38.287502,04/03/2025
43.149998,high,1498.5416,489.875,12.533333,33.891666,85.791664,322,40.6875,05/03/2025
33.058334,moderate,1562.5416,486.08334,10.579166,31.591667,83.416664,342,30.779167,06/03/2025
37.133335,moderate,1018.0417,471.41666,6.695833,10.008333,108.041664,512,35,07/03/2025
38.508335,moderate,860.5,467.5,4.5416665,11.8125,83.166664,162,37.275,08/03/2025
33.283333,moderate,1384.25,479.875,6.9125,22.133333,79.625,167,32.291668,09/03/2025
32.520832,moderate,1581.0834,488.125,9.283334,30.316666,93.208336,712,30.945833,10/03/2025
39.875,moderate,1555.7916,489.95834,10.070834,34.65,74.833336,567,36.341667,11/03/2025
45.50833,high,1450.0834,489.54166,12.2625,37.433334,75.791664,532,42.354168,12/03/2025
28.441666,moderate,1234.125,479.375,8.604167,26.133333,74.041664,417,27.066666,13/03/2025
45.766666,high,1308.7916,489.91666,11.341667,28.387499,94.916664,386,39.283333,14/03/2025
45.183334,high,1277.3334,491.875,10.966667,28.0875,103.208336,212,40.475,15/03/2025
55.158337,high,1472.7916,493.16666,10.616667,27.304167,101.708336,139,49.245834,16/03/2025
54.829166,high,1180.5,473.16666,7.691666,15.224999,100.5,745,49.7,17/03/2025
47.395832,high,959.7083,467.125,7.879167,10.5125,109.125,587,43.49167,18/03/2025
76.941666,very unsafe,1163.1666,480.83334,7.9375,21.0125,71.416664,500,75.325,19/03/2025
62.129166,high,1712.6666,488.625,9.370833,20.829166,109,370,60.087498,20/03/2025
84.487495,very unsafe,1520.7916,484.83334,15.179166,32.916668,125.916664,411,81.354164,21/03/2025
93.43333,very unsafe,1589.7916,487,18.300001,40.670834,122.958336,171,89.725,22/03/2025
71.979164,high,1495.7916,495.08334,14.595833,39.983334,108.791664,112,69.479164,23/03/2025
58.345837,high,1496.9166,496.33334,12.191667,36.304165,100.916664,568,56.541668,24/03/2025
34.591667,moderate,1480.625,492.375,8.483334,25.908333,99.958336,510,33.6875,25/03/2025
32.350002,moderate,1380.3334,488.25,8.325,24.958334,94.666664,462,31.258333,26/03/2025
37.270832,moderate,1312.5416,486.58334,6.8125,19.35,107.166664,413,33.804165,27/03/2025
50.325,high,1455,487.875,9.345834,28.262499,100.708336,353,44.087498,28/03/2025
71.799995,high,1496.9584,487.08334,9.279166,26.699999,103.708336,178,64.583336,29/03/2025
50.629166,high,1053.5416,473.54166,6.3375,12.866666,107.958336,94,48.24167,30/03/2025
37.791668,moderate,846.625,468.625,4.1583333,10.0125,88.75,822,36.795834,31/03/2025
42.575,high,856,473.58334,4.625,13.099999,76.625,545,41.416668,01/04/2025
38.904167,high,855.4167,472.95834,6.2041664,14.254167,87.625,423,38.0375,02/04/2025
63.741665,high,1129.375,482.83334,7.0791664,19.841667,91.333336,351,62.941666,03/04/2025
50.6125,high,1108.9584,485.95834,5.5375,15.55,97.666664,546,50.037502,04/04/2025
42.179165,high,1211.0834,485.45834,8.554167,25.708334,79.75,206,41.754166,05/04/2025
29.079168,moderate,1139.875,478.29166,6.8583336,18.804167,80.166664,143,28.795832,06/04/2025
26.845833,moderate,1022.7083,473.41666,4.3416667,11.3625,81.541664,120,26.5,07/04/2025
27.308334,moderate,1194,488.04166,5.5958333,15.3625,84.5,801,27.025,08/04/2025
50.57083,high,1351.0834,492.91666,7.633333,23.7125,76.208336,533,50.024998,09/04/2025
50.9875,high,1304.5416,497.54166,5.808333,14.966667,92.625,369,50.44583,10/04/2025
28.145834,moderate,1033.7084,489.08334,4.475,12.029167,78.416664,385,27.737501,11/04/2025
18.3375,low,904.7917,473.5,5.9791665,19.637499,44.791668,169,17.829166,12/04/2025
10.2,very low,714.875,459.70834,6.933333,9.758333,68.666664,86,10.129167,13/04/2025
33.899998,moderate,1019.125,467.04166,7.0916667,22.191666,72.791664,125,33.05,14/04/2025
28.6,moderate,1250.625,478.16666,10.679166,32.3625,73.958336,116,28.375,15/04/2025
18.208334,low,1331.9166,487.20834,6.629166,21.512499,57.416668,128,18.045834,16/04/2025
14.412499,very low,1184.0834,483.41666,4.179167,14.241666,55.583332,465,14.224999,17/04/2025
20.404167,low,1159.9166,481.16666,7.1375003,26.199999,51.125,448,19.9125,18/04/2025
25.891668,low,1027.5,476.66666,5.304167,17.875,66,220,22.579168,19/04/2025
25.4,low,836.6667,479.125,4.1541667,12.974999,75.833336,195,21.895834,20/04/2025
24.508333,low,880.7083,486.70834,4.258333,13.029167,70.291664,992,20.816668,21/04/2025
27.6625,low,1432.7084,498.83334,3.6666667,9.891666,79.375,618,24.65,22/04/2025
31.770834,moderate,839.2083,492.58334,3.9958334,9.691667,84.958336,537,28.166666,23/04/2025
39.916668,moderate,977.8333,495.41666,3.8666668,9.7125,79.375,413,34.175,24/04/2025
41.858334,moderate,1057.5834,493.45834,4.891667,12.066667,79.625,411,34.962498,25/04/2025
38.520832,moderate,782.0417,479.5,5.629167,13.420834,85.791664,158,33.583332,26/04/2025
27.008333,low,808.625,485.83334,4.5916667,8.008333,100.791664,106,24.408333,27/04/2025
18.65,low,1060.5416,486.08334,4.025,6.566667,101.75,1121,17.704166,28/04/2025
15.154167,very low,914.0833,471.75,3.4083335,7.2041664,90.041664,568,14.866666,29/04/2025
14.383334,very low,1034.8334,483.375,4.0916667,9.229167,74.458336,488,14.216667,30/04/2025
16.925001,low,1093.2916,481.33334,4.0916667,9.858334,80.125,406,16.5625,01/05/2025
17.008333,low,999.0417,469.08334,4.7083335,11.75,73.541664,500,16.775,02/05/2025
22.612501,low,860.9583,476.875,5.5625,19.583334,65.25,210,22.2125,03/05/2025
20.345833,low,921.25,479.5,4.9583335,16.870832,49.833332,93,18.074999,04/05/2025
18.908333,low,804.0417,478.5,4.766667,15.175,68.25,130,16.391666,05/05/2025
16.716667,very low,684.2083,474.04166,4.4625,12.133334,79.041664,550,14.708333,06/05/2025
15.658333,very low,629.4167,476.20834,4.1583333,11.395833,76.458336,469,14.349999,07/05/2025
22.904167,low,963.625,495.41666,3.8458335,9.625,73,392,21.108334,08/05/2025
25.295832,low,814.125,490.625,4.420833,9.833333,82.625,133,23.199999,09/05/2025
36.62917,moderate,872.5417,494.75,4.929167,13.474999,70,151,33.308334,10/05/2025
19.395834,low,750.375,477.08334,3.75,8.150001,98.625,92,17.166666,11/05/2025
20.791666,low,861.875,467.33334,7.120833,13.841666,90.625,142,19.895834,12/05/2025
25.262499,low,867.375,465,6.1749997,20.383333,69.666664,616,24.800001,13/05/2025
16.508333,low,644.2083,459.625,4.295833,10.3125,83.666664,556,16.404167,14/05/2025
17.8375,low,1206.8334,467.08334,5.6083336,16.387499,48.166668,349,17.699999,15/05/2025
16.754168,low,1207.6666,467.91666,4.7833333,13.8,53.416668,357,16.425001,16/05/2025
13.575,very low,1167.2084,467,4.6916666,13.766666,53.625,167,13.25,17/05/2025
12.679166,very low,1073.5416,473.125,4.7791667,15.341667,49.458332,90,12.55,18/05/2025
24.266668,low,1384.2916,485.79166,9.570833,33.633335,49.666668,912,24.091667,19/05/2025
20.85,low,1084.7916,473.83334,6.5375,23.154167,50.541668,562,20.741667,20/05/2025
17.595833,low,1456.4584,486.125,3.9041665,14.654167,60.333332,561,17.445833,21/05/2025
12.712501,very low,851.5417,473.58334,4.2791667,12.004167,59,326,12.474999,22/05/2025
14.254167,very low,1067.4166,462.20834,5.4166665,16.266666,55.541668,444,13.912499,23/05/2025
13.770833,very low,726.0417,450.54166,7.0833335,12.837501,92.583336,160,13.733334,24/05/2025
11.516666,very low,589.5417,446.54166,7.0499997,11.8875,94.166664,104,11.516666,25/05/2025
16.333334,low,547.0417,444.75,9.875,16.85,81.375,802,16.324999,26/05/2025
12.6375,very low,901.75,450.58334,6.683333,13.970833,53.958332,561,12.504167,27/05/2025
13.379167,very low,845.7083,454.33334,5.2458334,16.433332,40.666668,412,12.695834,28/05/2025
15.341667,very low,888.9167,451.125,5.4708333,19.295834,32.291668,344,13.8625,29/05/2025
8.929167,very low,1521.0416,469.91666,3.9875,14.208333,38.458332,412,8.4375,30/05/2025
7.141667,very low,1445.625,474.83334,3.2,10.754167,34.333332,116,6.5791664,31/05/2025
10.400001,very low,789.4583,466.875,4.3375,16.158333,37.166668,147,10.116667,01/06/2025
10.604167,very low,1176.9166,468.16666,3.5958335,12.004167,48.166668,190,9.175,02/06/2025
22.170832,low,1320.0834,480.75,8.220834,27.504166,47.75,164,18.941668,03/06/2025
40.675,moderate,1297.0834,482.33334,9.483333,30.058334,54.5,1001,30.833334,04/06/2025
31.779167,moderate,1510.7084,485.16666,7.7166667,27.020834,59.333332,448,28.154167,05/06/2025
32.370834,moderate,1400.9584,481.16666,11.633334,35.399998,52.708332,367,29.745834,06/06/2025
16.741667,low,1309.625,485.625,5.879167,18.679167,58.708332,273,15.833333,07/06/2025
17.345833,low,1037.4584,473.41666,6.2166667,22.175001,53.458332,204,16.808332,08/06/2025
13.379167,very low,759.1667,459.5,4.1458335,13.9875,49.916668,825,12.933333,09/06/2025
12.504167,very low,733.875,456.29166,4.170833,11.491666,62.375,1200,11.833333,10/06/2025
12.650001,very low,1089.4166,461.91666,5.5625,15.558333,52.541668,584,12.316667,11/06/2025
16.949999,low,1723.0834,488.41666,5.4791665,16.620832,58.583332,397,16.591667,12/06/2025
14.745833,very low,1081.4166,469.16666,5.054167,15.516666,46.833332,489,14.1375,13/06/2025
13.754167,very low,1064.625,467.125,4.8416667,15.920834,42.416668,212,13.166667,14/06/2025
7.5750003,very low,1046.8334,468.70834,3.5249999,12.158333,44,115,7.3250003,15/06/2025
13.900001,very low,1473.7916,474.41666,6.004167,20.4625,40.291668,752,13.533333,16/06/2025
12.283333,very low,992.5833,466,4.775,17.725,35.958332,1401,12.083333,17/06/2025
15.770833,low,1065.625,469.875,6.1708336,22.704168,37.583332,585,15.233334,18/06/2025
20.179167,low,1369.9166,470.375,6.7125,22.091667,39.75,432,17.479166,19/06/2025
20.512499,low,1466.5,477.5,7.3458333,22.9375,44.666668,535,17.445833,20/06/2025
16.637499,very low,936.4583,458.29166,4.570833,13.6125,48.916668,235,12.683333,21/06/2025
11.5125,very low,840.2917,456.45834,4.2999997,11.8875,50.666668,168,10.466666,22/06/2025
9.154166,very low,611.875,449.20834,3.6458333,12.266666,42.208332,843,8.566667,23/06/2025
16.829166,low,851.8333,455.5,5.3416667,19.279167,38.833332,1590,15.466667,24/06/2025
23.704168,low,847.0833,466.66666,7.683333,24.2125,47.666668,596,20.958334,25/06/2025
18.958334,low,920.5833,459.83334,6.4208336,20.383333,49.041668,432,16.991667,26/06/2025
11.545834,very low,837.0417,454.29166,5.2458334,17.3,39.291668,545,10.7,27/06/2025
15.104167,very low,1026.7084,464.125,6.2083335,19.8125,40.333332,273,14.091667,28/06/2025
13.804166,very low,1062.9166,465.125,4.766667,16.033333,38.166668,212,12.545834,29/06/2025
18.220835,very low,1343.5416,467.375,5.0208335,18.354166,39.708332,719,14.333333,30/06/2025
18.841667,low,1241.625,462.375,7.316667,21.933334,40.041668,560,16.5875,01/07/2025
20.704166,low,1212.75,462.375,7.9833336,24.379166,38.416668,587,17.904167,02/07/2025
23.029167,low,1362.6666,469.125,10.691667,27.791666,43.541668,372,20.629168,03/07/2025
20.366667,low,1379.7084,466.04166,8.283334,22.125,44.083332,465,17.645834,04/07/2025
20.279165,low,924.7917,458.75,8.491667,25.433334,44.416668,210,18.633333,05/07/2025
13.045834,very low,1131.2916,478.25,5.5875,17.8125,38.5,91,12.150001,06/07/2025
19.058332,low,1467.75,485.33334,7.820833,24.966667,36.958332,585,16.25,07/07/2025
23.516668,low,1270.0416,473.33334,6.304167,21.629166,42.041668,449,16.612501,08/07/2025
19.449999,low,1588.625,480.66666,6.0166664,19.6625,40.708332,491,16.166666,09/07/2025
27.366667,low,1123.7916,466.70834,6.9500003,21.75,43.75,103,19.204166,10/07/2025
32.600002,low,1159.25,457.41666,8.241667,26.4625,34.541668,89,21.375,11/07/2025
21.283335,low,1466.375,466.625,9.2625,27.883333,51.791668,181,20.074999,12/07/2025
17.691668,low,1059.7916,460.33334,6.6,20.554167,42,117,16.2125,13/07/2025
22.683334,low,1437.75,479.875,8.066667,23.858332,44.333332,748,20.254168,14/07/2025
17.029167,low,1497.2084,467.70834,8.854167,25.145834,41.333332,585,15.920834,15/07/2025
13.670834,very low,1430.7916,470.04166,6.7083335,22.579168,34.458332,494,13.108334,16/07/2025
15.2,very low,1399.75,467.91666,7.4708333,23.6625,36.291668,451,14.841667,17/07/2025
14.849999,very low,1297.7916,468.75,5.6625,17.612501,37.583332,461,14.291667,18/07/2025
18.304167,low,1337.7916,476.08334,9.2375,23.808334,36.166668,272,17.6,19/07/2025
12.612499,very low,1469.4166,472.75,5.941667,18.666666,39.625,87,12.458333,20/07/2025
14.566667,very low,1600.5416,470.54166,5.816667,19.366667,37.5,724,14.329166,21/07/2025
11.7,very low,1287.75,465.66666,6.008333,20.800001,36.083332,484,11.545834,22/07/2025
5.9791665,very low,898.0417,457.45834,4.445833,15.029167,35.125,479,5.866667,23/07/2025
6.758333,very low,1011.6667,453.875,3.4875,12.2375,36.125,325,6.304167,24/07/2025
7.1124997,very low,1557,472.08334,4.7083335,16.449999,37.291668,404,6.7875,25/07/2025
11.166667,very low,1330.5834,464.45834,5.679167,20.079166,37,155,10.554167,26/07/2025
8.925,very low,1350.1666,461.45834,5.566667,18.704166,33.083332,96,8.787499,27/07/2025
9.970834,very low,1268.5416,463.25,5.3375,16.633333,39.333332,103,9.741667,28/07/2025
14.058333,very low,1251.9166,470.79166,5.695833,17.858334,41.708332,601,12.925,29/07/2025
23.220833,low,1453.3334,473.20834,7.4208336,24.041666,36.375,390,18.125,30/07/2025
23.5375,low,1312.7916,476.08334,8.016666,22.2875,39.958332,400,17.616667,31/07/2025
27.041666,low,1384.75,474.625,9.05,23.512499,37.458332,335,18.820833,01/08/2025
28.620834,low,1389.9166,477.375,7.9583335,21.675001,39.291668,108,19.929167,02/08/2025
28.724998,low,1351.1666,475.66666,7.4791665,19.925001,37.916668,110,20.404167,03/08/2025
16.908333,low,1472.125,478.04166,7.2374997,23.666666,33.583332,745,16.154165,04/08/2025
14.033333,very low,1434.5,478.08334,6.1416664,20.445833,34.375,622,12.866666,05/08/2025
10.795834,very low,1832.7084,476.45834,5.1291666,16.741667,32.916668,436,10,06/08/2025
9.879167,very low,1194.875,471.79166,4.829167,15.462501,32,376,9.400001,07/08/2025
23.779167,low,1792.625,480.29166,9.5125,27.145834,35,403,21.554167,08/08/2025
18.512499,low,1512.5834,481.41666,8.020833,23.6875,35.583332,141,17.545834,09/08/2025
15.425,low,1176.1666,476.54166,7.1625,19.166666,35.291668,89,15.25,10/08/2025
13.875,very low,1217.625,467.95834,5.15,17.470833,37.791668,118,13.633334,11/08/2025
7.433333,very low,890.375,457.625,4.070833,12.808333,41.5,118,7.258333,12/08/2025
14.645833,very low,1492.25,476.125,6.7833333,20.2125,37.333332,607,14.325,13/08/2025
17.637499,low,1638.625,485.04166,8.895833,25.741667,36.625,335,17.5375,14/08/2025
6.995833,very low,1018.8333,455.41666,3.095833,9.516667,55.791668,489,6.9125,15/08/2025
13.291667,very low,584.9583,442.29166,9.233334,16.345833,60.041668,222,13.216667,16/08/2025
11.170834,very low,1087.2916,455.79166,6.475,15.966667,42.166668,92,11.129167,17/08/2025
16.341667,low,1627.9584,475.20834,6.504167,20.841665,37.708332,865,15.991666,18/08/2025
12.520833,very low,1075.0834,466.08334,4.8375,15.616666,39.458332,591,11.829166,19/08/2025
18.433332,low,1454.5,478.70834,8.245833,24.574999,43.5,479,17.395834,20/08/2025
15.525001,very low,1016.375,459.29166,5.6583333,18.770834,39.708332,352,14.316667,21/08/2025
12.8875,very low,1166.875,462.25,4.945833,14.3125,52,368,12.020833,22/08/2025
6.8458333,very low,1277.0416,465.83334,5.0416665,13.179166,50.666668,147,6.75,23/08/2025
12.991666,very low,1141.75,462.70834,6.1875,17.858334,47,143,12.925,24/08/2025
16.574999,low,1659.1666,487.75,6.7666664,22.625,61.041668,677,16.529167,25/08/2025
12.983334,very low,985.6667,457.875,5.5833335,16.766666,45.791668,505,12.954166,26/08/2025
10.962501,very low,1167.0416,459.75,6.4791665,21.566666,35.708332,571,10.804166,27/08/2025
18.666666,low,1581.2084,485.83334,10.087501,31.129166,30.75,424,18.316668,28/08/2025
20.983334,low,1765.0834,486.33334,8.083333,25.787498,50.083332,478,20.554167,29/08/2025
14.166667,very low,1660.625,484.70834,4.0875,14.508334,48.916668,328,13.820834,30/08/2025
12.037499,very low,618.4583,449.58334,6.4041667,15.995833,48.5,157,12.020833,31/08/2025
21.775,low,806.5,451.58334,10.5625,24.754166,50.208332,657,21.675001,01/09/2025
11.287499,very low,1089.8334,458.54166,5.8333335,17.324999,37.666668,557,10.9875,02/09/2025
20.029167,low,1565.3334,476.41666,8.724999,24.949999,38.083332,415,19.316668,03/09/2025
9.7,very low,1087.4166,468.625,4.9041667,14.891666,50.125,390,9.5,04/09/2025
23.283333,low,1341.125,474.79166,7.6041665,21.470833,69.708336,328,23.270834,05/09/2025
21.1875,low,1540.0416,486.875,8.029166,22.7875,66.416664,168,21.175001,06/09/2025
37.008335,moderate,1409.25,474.79166,8.879167,28.016668,84.833336,110,36.958332,07/09/2025
20.083334,low,1208.5416,466.375,7.3541665,18.512499,77.208336,626,20.070833,08/09/2025
13.945834,very low,813.2083,452.33334,6.2999997,11.470833,82.458336,539,13.920834,09/09/2025
7.304167,very low,695.0417,445,4.7416663,12.2375,39.416668,501,7.275,10/09/2025
7.9583335,very low,1021.9583,463.95834,4.358333,13.912499,42.75,351,7.6458335,11/09/2025
14.770833,very low,980.0417,466.16666,7.558333,23.645834,32.375,490,14.491666,12/09/2025
12.995833,very low,1177.6666,467.75,5.620833,17.379168,39.541668,151,12.766666,13/09/2025
18.804167,low,1594.4166,482.75,7.6749997,25.595833,33.083332,111,18.545834,14/09/2025
16.2125,low,866.4167,451.75,8.958333,26.025,54.916668,696,16.137499,15/09/2025
23.408333,low,1313.5416,463.375,11.3875,29.545832,61.583332,661,23.358332,16/09/2025
26.195833,moderate,1236.625,473.20834,9.933333,25.654167,73.083336,532,26.170832,17/09/2025
21.266666,low,1510.0834,473.125,9.620833,27.6625,74.625,425,21.262499,18/09/2025
13.929166,very low,922.2083,451.625,6.8624997,18.295834,62.958332,350,13.925,19/09/2025
11.7,very low,829.9167,449.08334,9.095834,14.341667,66.458336,201,11.675,20/09/2025
14.641666,very low,994.9583,452.70834,8.345834,24.366667,34.5,99,14.554166,21/09/2025
9.154166,very low,741.6667,450.625,6.0208335,19.229166,31.708334,775,8.837501,22/09/2025
8.075,very low,1316.0834,465.70834,4.6,14.520833,47.75,652,7.9791665,23/09/2025
11.429166,very low,898.75,460.20834,7.195833,21.833334,38.666668,441,11.408333,24/09/2025
12.849999,very low,1560.125,474.91666,7.1124997,20.995832,48.75,383,12.795834,25/09/2025
14.920834,very low,886.125,454.08334,5.1583333,15.141666,68.75,471,14.791667,26/09/2025
10.554167,very low,1575.625,471.54166,4.4249997,12.575,69.416664,248,10.55,27/09/2025
12.616666,very low,1378.9166,478.20834,6.133333,19.516666,49.125,147,12.445834,28/09/2025
10.4875,very low,947.0833,462.70834,4.6625,14.733334,49.166668,593,10.408334,29/09/2025
5.6,very low,525.8333,444.16666,4.2541666,10.804166,44.791668,515,5.5499997,30/09/2025
12.179166,very low,844,452,6.991667,20.554167,30.416666,557,11.808333,01/10/2025
10.783333,very low,1753.375,482.16666,4.929167,14.495833,45.708332,417,9.983334,02/10/2025
15.183333,very low,1343.4584,483.91666,6.5875,20.895834,45.541668,316,14.745833,03/10/2025
16.283333,low,1567.125,484.20834,6.6083336,19.6875,41.875,242,15.787499,04/10/2025
12.833333,very low,1735.2916,482.29166,5.2541666,16.7875,47.666668,149,12.679166,05/10/2025
16.004168,low,1478.7916,477.08334,7.6749997,25.158333,37.916668,704,15.916667,06/10/2025
18.229166,low,1344.75,467.83334,5.4791665,17.75,43,1167,17.504168,07/10/2025
12.508334,very low,1512.4584,468.66666,5.1833334,15.916667,48.458332,617,12.254167,08/10/2025
16.475,low,1548.2084,479.45834,8.4375,18.762499,61,403,16.345833,09/10/2025
24.666666,low,1281,466.20834,14.529167,33.537502,69.708336,446,24.6,10/10/2025
25.604166,moderate,1661.7916,483.41666,14.224999,34.570835,72.875,181,25.533333,11/10/2025
25.5875,moderate,1564.0834,481.04166,12.141666,29.470833,77.041664,125,25.570833,12/10/2025
30.620834,moderate,1556.125,481.41666,12.833333,34.954166,73.291664,124,30.583334,13/10/2025
20.7875,low,1626.5416,473,7.525,23.008333,71.458336,722,20.737501,14/10/2025
10.083333,very low,1226.5834,458.375,9.004167,14.974999,67.333336,562,10.070833,15/10/2025
16.629168,low,820.2083,459.5,9.404166,19.075,61.083332,515,16.591667,16/10/2025
23.579168,low,1404.0416,483.58334,8.537499,26.966667,60.625,468,23.4625,17/10/2025
22.970833,low,1387.25,488.79166,10.2375,30.866667,62.041668,213,22.574999,18/10/2025
15.216667,low,1488.3334,486.125,6.1666665,20.658333,56.791668,132,15.079166,19/10/2025
22.375,low,1391.25,492.70834,10.470834,30.241667,79.375,747,22.320833,20/10/2025
19.316668,low,1118.7084,478.33334,7.566667,21.729166,67.333336,638,19.295834,21/10/2025
15.379167,low,673.2917,461.79166,5.683333,17.958334,60.333332,469,15.3625,22/10/2025
19.795834,low,1175.7916,466.25,10.458333,26.633333,56.958332,115,19.608334,23/10/2025
28.033333,moderate,998.875,461.25,9.6375,28.35,56.208332,467,27.941666,24/10/2025
24.949999,low,1443.7916,477.66666,11.9375,35.691666,68.5,169,24.85,25/10/2025
23.391668,low,1458.0834,483.25,12.508334,35.191666,70.125,130,23.354166,26/10/2025
19.233334,low,1306.2916,481.83334,8.041667,25.591667,58.083332,585,19.229166,27/10/2025
19.25,low,1239.0834,479.29166,8.129167,26.0625,61.125,591,19.229166,28/10/2025
17.475,low,1525.2084,482.66666,9.575,29.558334,68.416664,473,17.454166,29/10/2025
23.220833,low,1101.4584,473.25,12.866666,36.6125,64.208336,359,23.195833,30/10/2025
17.483334,low,713.3333,457.75,8.754167,25.308334,63.166668,334,17.454166,31/10/2025
10.808333,very low,606.4167,448.79166,8.150001,16.395834,58.083332,164,10.775001,01/11/2025
12.333333,very low,566.7917,450.66666,9.575,16.625,61.708332,143,12.3125,02/11/2025
13.724999,very low,766.2083,455.04166,8.212501,18.074999,58.75,808,13.650001,03/11/2025
17.429167,low,1182.0834,466,8.7625,20.2375,68.541664,680,17.416666,04/11/2025
32.845833,moderate,1372.6666,479.875,16.841667,36.620834,69.25,692,32.804165,05/11/2025
30.425001,moderate,1888.0834,495.91666,16.675001,42.649998,70.541664,525,30.404167,06/11/2025
24.637499,low,1668.9166,490.66666,8.383333,27.2875,55.5,484,24.6,07/11/2025
17.775,low,1558.875,474.70834,6.8875003,19.4125,66.291664,205,17.745832,08/11/2025
11.3875,very low,1010.75,453.08334,9.054167,20.558332,52.708332,124,11.379167,09/11/2025
13.925,very low,1715.0834,470.625,8.087501,23.4625,38.541668,617,13.904167,10/11/2025
23.883333,low,1552.75,484.66666,9.354167,28.654167,49.375,537,23.862501,11/11/2025
30.300001,moderate,1444.5834,476.625,14.870833,42.825,81.416664,481,30.270834,12/11/2025
26.879166,moderate,1160.5,457.70834,16.695833,31.520834,91.75,465,26.862501,13/11/2025
22.179167,low,1894.4584,482.75,13.141666,32.891666,74.541664,531,22.179167,14/11/2025
29.345833,moderate,1529.2084,477.375,16.729166,36.3,83.875,172,29.3375,15/11/2025
14.745833,very low,1183.375,466.83334,8.6375,25.008333,67.125,164,14.516666,16/11/2025
20.358334,low,856.3333,457.54166,7.9666667,20.525,53.125,600,20.229166,17/11/2025
18.308332,low,740.8333,453.54166,8.037499,23.458334,46.375,570,18.241667,18/11/2025
11.470833,very low,827.9167,459.25,7.125,17.966667,44.458332,513,11.458333,19/11/2025
14.991668,very low,992.2917,459.58334,7.5375,20.066668,53.708332,521,14.941667,20/11/2025
14.970833,very low,623.9583,456.375,8.983334,23.266668,60,594,14.854167,21/11/2025
21.916666,low,1497.0416,469.41666,13.766666,37.641666,69.541664,185,21.833334,22/11/2025
24.208334,low,1499.1666,473.33334,13.587501,38.625,77.5,136,24.183334,23/11/2025
13.974999,very low,771.7083,450.75,8.145833,22.745834,71.5,706,13.8875,24/11/2025
12.883334,very low,588.625,452.29166,7.9583335,16.658333,69.958336,745,12.820834,25/11/2025
21.9125,low,658.9167,453.91666,9.416667,21.504166,69.625,487,21.65,26/11/2025
16.458334,low,549.7083,447.625,8.358334,16.929167,76.583336,570,16.208334,27/11/2025
14.212501,very low,792.375,457.95834,10.545834,23.9,69,484,13.983334,28/11/2025
21.566666,low,1581.0834,468.625,16.345833,40.175,80.666664,127,21.258333,29/11/2025
30.095833,moderate,1481.875,462.75,18.225,37.274998,106.416664,187,30.083334,30/11/2025
32.1375,moderate,1529.625,461.625,18.025,37.425,111,817,32.133335,01/12/2025
31.433334,moderate,1601.25,467.75,20.0875,41.875,115.333336,973,31.420832,02/12/2025
27.745834,moderate,1467.1666,471.83334,19.470833,36.75,115.291664,762,27.725,03/12/2025
25.216667,moderate,1346.125,473.20834,18.695833,34.641666,105.5,686,25.216667,04/12/2025
27.383333,moderate,1435.375,479.875,15.833333,36.720833,87.291664,163,27.366667,05/12/2025
33.970833,moderate,1495.5416,494.125,16.304167,38.7375,72.208336,273,33.825,06/12/2025
30.845833,moderate,1391.0834,488.875,13.3625,38.2625,77.75,242,30.716667,07/12/2025
31.983332,moderate,1456.4166,487.83334,20.458334,35.658333,90.333336,819,31.475,08/12/2025
33.045834,moderate,1593.0416,487.54166,15.849999,33.825,77.458336,1343,32.229168,09/12/2025
28.704168,moderate,1291.875,483.875,13.754167,36.5125,75.958336,246,28.295832,10/12/2025
30.65,moderate,1407.9166,485.83334,12.45,33.654167,78.666664,791,30.291666,11/12/2025
35.4375,moderate,1344.7084,483.83334,14.912499,39.866665,72.666664,743,35.158333,12/12/2025
29.745834,moderate,1163.6666,478.04166,10.675,31.883333,69.333336,257,29.558334,13/12/2025
23.195833,low,1378.125,483.83334,9.037499,27.4375,59.5,132,23.0875,14/12/2025
24.533333,low,1449.0834,491.79166,13.220833,35.216667,77.5,818,24.475,15/12/2025
23.725,low,1596.875,485.33334,18.391666,25.262499,92.291664,1016,23.645834,16/12/2025
17.775,low,810.4583,467.5,10.099999,18.495832,73.458336,892,17.683332,17/12/2025
27.362501,moderate,1151.125,475.83334,14.1375,31.891668,71.375,632,26.6625,18/12/2025
29.8375,moderate,1129.2916,481.33334,14.9875,38.695835,85.041664,753,29.025,19/12/2025
26.512499,moderate,1103.0416,480.79166,18.466667,31.9125,103.541664,194,26.204168,20/12/2025
21.637499,low,1198.875,473.04166,9.666667,27.629166,75.333336,168,20.983334,21/12/2025
23.341667,low,1193.1666,478.70834,13.091667,34.058334,68.958336,745,22.841667,22/12/2025
20.133333,low,1145.0834,483.29166,11.545834,31.241667,63.625,1275,19.904167,23/12/2025
21.708334,low,1145.625,485.95834,10.366667,30.4625,56.333332,771,21.270834,24/12/2025
30.775,moderate,1166.5834,484.16666,18.025,35.045834,88.458336,646,30.2875,25/12/2025
22.1625,low,1351.7084,482.54166,14.341667,25.566666,89.125,683,21.641668,26/12/2025
23.7875,low,1384.5416,487.20834,12.108334,29.225,76.541664,311,23.387499,27/12/2025
29.15,moderate,1209.4584,484.79166,13.233334,32.56667,70.875,197,28.933334,28/12/2025
25.533333,moderate,1364.6666,485.16666,12.775001,33.0625,64.25,912,25.112501,29/12/2025
25.929167,moderate,1414.375,482.875,14.529167,35.604168,84.5,867,25.704168,30/12/2025
25.070833,low,1215.3334,479.70834,13.2375,35.454166,65.458336,96,24.958334,31/12/2025
9.720833778,very low,1791.625,466.5,4.833333492,18.12916756,51.625,446,9.349999428,20/08/2026
5.974999905,very low,1505.541626,465.7916565,3.454166651,13.54583359,40.25,429,5.599999905,21/08/2026
7.362499714,very low,1069.375,467.2083435,3.554166794,14.48750019,38.66666794,392,6.958333492,22/08/2026
7.466666698,very low,735.166687,465.0833435,3.350000143,12.94999981,40.79166794,373,6.795833588,23/08/2026
9.920833588,very low,1232.958374,470.9583435,4.974999905,17.76249886,35.625,399,9.387499809,24/08/2026
10.30000019,very low,888.666687,496.6666565,5.099999905,21.10000038,15,310,9.899999619,25/08/2026
